"","car_id","car_name","parent_id","parent_name"
"1",231,"1 series",11,"BMW"
"2",190,"10",7,"Aro"
"3",1318,"10",96,"Renault"
"4",205,"100",10,"Audi"
"5",1363,"100",99,"Rover"
"6",948,"1000",74,"Maruti"
"7",1247,"1007",91,"Peugeot"
"8",2222,"100D",79,"Mercedes-Benz"
"9",1115,"100NX",85,"Nissan"
"10",1421,"105, 120",108,"Skoda"
"11",1248,"106",91,"Peugeot"
"12",1249,"107",91,"Peugeot"
"13",1319,"11",96,"Renault"
"14",1734,"1111",132,"¬¿«"
"15",1808,"1111",136,"—Â¿«"
"16",1809,"1111",137," ¿Ã¿«"
"17",2230,"111740",132,"¬¿«"
"18",2051,"11193 (¬¿«)",132,"¬¿«"
"19",1821,"114",139,"«»À"
"20",1822,"115",139,"«»À"
"21",2181,"116i",11,"BMW"
"22",1823,"117",139,"«»À"
"23",2187,"118i",11,"BMW"
"24",1767,"12 / «»Ã",134,"√¿«"
"25",969,"121",77,"Mazda"
"26",572,"124",39,"Fiat"
"27",573,"126",39,"Fiat"
"28",574,"127",39,"Fiat"
"29",1768,"13",134,"√¿«"
"30",1824,"130",139,"«»À"
"31",1835,"1302",141,"À”¿«"
"32",425,"1304",25,"Dacia"
"33",1506,"1307-1510",115,"Talbot"
"34",575,"131",39,"Fiat"
"35",426,"1310",25,"Dacia"
"36",427,"1325",25,"Dacia"
"37",1320,"14",96,"Renault"
"38",1769,"14",134,"√¿«"
"39",1689,"140",125,"Volvo"
"40",428,"1410",25,"Dacia"
"41",163,"145",5,"Alfa Romeo"
"42",164,"146",5,"Alfa Romeo"
"43",165,"147",5,"Alfa Romeo"
"44",166,"155",5,"Alfa Romeo"
"45",167,"156",5,"Alfa Romeo"
"46",168,"159",5,"Alfa Romeo"
"47",169,"164",5,"Alfa Romeo"
"48",1690,"164",125,"Volvo"
"49",170,"166",5,"Alfa Romeo"
"50",1770,"17310",134,"√¿«"
"51",1321,"18",96,"Renault"
"52",1116,"180SX",85,"Nissan"
"53",1322,"19",96,"Renault"
"54",1735,"1922",132,"¬¿«"
"55",970,"2",77,"Mazda"
"56",206,"200",10,"Audi"
"57",1364,"200",99,"Rover"
"58",1117,"200SX",85,"Nissan"
"59",1250,"204",91,"Peugeot"
"60",1251,"205",91,"Peugeot"
"61",681,"206",43,"Geo"
"62",1252,"206",91,"Peugeot"
"63",1253,"207",91,"Peugeot"
"64",544,"208",38,"Ferrari"
"65",1323,"21",96,"Renault"
"66",1771,"21",134,"√¿«"
"67",1736,"2101",132,"¬¿«"
"68",2047,"21011 ",132,"¬¿«"
"69",1737,"2102",132,"¬¿«"
"70",1738,"2103",132,"¬¿«"
"71",1739,"2104",132,"¬¿«"
"72",2117,"21043",132,"¬¿«"
"73",1740,"2105",132,"¬¿«"
"74",2128,"21053",132,"¬¿«"
"75",2185,"210540",132,"¬¿«"
"76",1741,"2106",132,"¬¿«"
"77",1955,"21060",132,"¬¿«"
"78",1966,"21063 ",132,"¬¿«"
"79",1742,"2107",132,"¬¿«"
"80",1743,"2108",132,"¬¿«"
"81",1744,"2109",132,"¬¿«"
"82",1883,"21093",132,"¬¿«"
"83",1745,"21099",132,"¬¿«"
"84",1746,"2110",132,"¬¿«"
"85",1747,"2111",132,"¬¿«"
"86",1748,"2112",132,"¬¿«"
"87",1749,"2113",132,"¬¿«"
"88",1750,"2114",132,"¬¿«"
"89",1988,"21140",132,"¬¿«"
"90",1751,"2115",132,"¬¿«"
"91",2126,"21150",132,"¬¿«"
"92",1829,"2117",140,"»∆"
"93",1752,"2120",132,"¬¿«"
"94",1753,"2121",132,"¬¿«"
"95",2282,"21213",132,"¬¿«"
"96",2132,"21214",132,"¬¿«"
"97",1754,"2123",132,"¬¿«"
"98",1830,"2125",140,"»∆"
"99",1842,"2125",142,"ÃÓÒÍ‚Ë˜"
"100",1831,"2126 / Œ‰‡",140,"»∆"
"101",1755,"2129",132,"¬¿«"
"102",1365,"213",99,"Rover"
"103",1756,"2131",132,"¬¿«"
"104",2229,"2134",142,"ÃÓÒÍ‚Ë˜"
"105",1843,"2135",142,"ÃÓÒÍ‚Ë˜"
"106",1844,"2137",142,"ÃÓÒÍ‚Ë˜"
"107",1845,"2138",142,"ÃÓÒÍ‚Ë˜"
"108",1846,"2140",142,"ÃÓÒÍ‚Ë˜"
"109",1847,"2141",142,"ÃÓÒÍ‚Ë˜"
"110",2264,"21412",142,"ÃÓÒÍ‚Ë˜"
"111",2144,"21–",134,"√¿«"
"112",1772,"22",134,"√¿«"
"113",1862,"2206",143,"”¿«"
"114",1949,"220606 ",143,"”¿«"
"115",2283,"22069",143,"”¿«"
"116",1773,"2217",134,"√¿«"
"117",1774,"22171",134,"√¿«"
"118",954,"228",75,"Maserati"
"119",1775,"2308",134,"√¿«"
"120",1889,"230GE",88,"Steyr-Daimler-Puch"
"121",1776,"2310",134,"√¿«"
"122",1757,"2328",132,"¬¿«"
"123",1758,"2329",132,"¬¿«"
"124",1777,"2330",134,"√¿«"
"125",1970,"233001 ",134,"√¿«"
"126",1759,"2345",132,"¬¿«"
"127",1760,"2346",132,"¬¿«"
"128",1761,"2347",132,"¬¿«"
"129",1958,"23602",143,"”¿«"
"130",1863,"2362",143,"”¿«"
"131",1892,"23632",143,"”¿«"
"132",1762,"2364",132,"¬¿«"
"133",191,"24",7,"Aro"
"134",1778,"24",134,"√¿«"
"135",1779,"24-10",134,"√¿«"
"136",1691,"240",125,"Volvo"
"137",1780,"2402",134,"√¿«"
"138",1118,"240SX",85,"Nissan"
"139",576,"242",39,"Fiat"
"140",192,"243",7,"Aro"
"141",193,"244",7,"Aro"
"142",194,"245",7,"Aro"
"143",195,"246",7,"Aro"
"144",1324,"25",96,"Renault"
"145",1366,"25",99,"Rover"
"146",1692,"260",125,"Volvo"
"147",1367,"2600",99,"Rover"
"148",1781,"2705",134,"√¿«"
"149",1832,"2715",140,"»∆"
"150",1833,"2717",140,"»∆"
"151",1763,"2723",132,"¬¿«"
"152",1782,"2752",134,"√¿«"
"153",1119,"280ZX",85,"Nissan"
"154",1848,"2901",142,"ÃÓÒÍ‚Ë˜"
"155",2094,"2DX",3,"Acura"
"156",971,"3",77,"Mazda"
"157",232,"3 series",11,"BMW"
"158",1325,"30",96,"Renault"
"159",1648,"300",123,"Venturi"
"160",1051,"3000 GT",82,"Mitsubishi"
"161",372,"300C",22,"Chrysler"
"162",373,"300M",22,"Chrysler"
"163",1120,"300ZX",85,"Nissan"
"164",1254,"305",91,"Peugeot"
"165",1255,"306",91,"Peugeot"
"166",1256,"307",91,"Peugeot"
"167",545,"308",38,"Ferrari"
"168",1257,"308",91,"Peugeot"
"169",1783,"3102",134,"√¿«"
"170",1948,"310290",134,"√¿«"
"171",1784,"3103",134,"√¿«"
"172",1785,"3104",134,"√¿«"
"173",1786,"3105",134,"√¿«"
"174",1787,"3106",134,"√¿«"
"175",1788,"3110",134,"√¿«"
"176",1789,"31105",134,"√¿«"
"177",1790,"3111",134,"√¿«"
"178",1791,"3120",134,"√¿«"
"179",1792,"3129",134,"√¿«"
"180",1313,"315",95,"Proton"
"181",1864,"3150",143,"”¿«"
"182",1865,"3151",143,"”¿«"
"183",1866,"31512",143,"”¿«"
"184",1867,"31514",143,"”¿«"
"185",1969,"315148 ",143,"”¿«"
"186",1868,"31519",143,"”¿«"
"187",1870,"3153",143,"”¿«"
"188",1871,"3159",143,"”¿«"
"189",2236,"316",11,"BMW"
"190",1872,"3160",143,"”¿«"
"191",1873,"3162",143,"”¿«"
"192",1875,"3165",143,"”¿«"
"193",2278,"320",11,"BMW"
"194",955,"3200 GT",75,"Maserati"
"195",1793,"3221",134,"√¿«"
"196",972,"323",77,"Mazda"
"197",1794,"3234",134,"√¿«"
"198",2141,"325i Xdrive",11,"BMW"
"199",2242,"328",11,"BMW"
"200",546,"328",38,"Ferrari"
"201",171,"33",5,"Alfa Romeo"
"202",1795,"3302",134,"√¿«"
"203",2154,"33021",134,"√¿«"
"204",1876,"3303",143,"”¿«"
"205",1796,"3307",134,"√¿«"
"206",1797,"3308",134,"√¿«"
"207",1798,"3309",134,"√¿«"
"208",1877,"3309",143,"”¿«"
"209",1799,"3310",134,"√¿«"
"210",2275,"335 I",11,"BMW"
"211",1693,"340",125,"Volvo"
"212",547,"348",38,"Ferrari"
"213",1121,"350Z",85,"Nissan"
"214",1723,"353",127,"Wartburg"
"215",548,"355 Berlinetta",38,"Ferrari"
"216",549,"355F1",38,"Ferrari"
"217",1694,"360",125,"Volvo"
"218",550,"360 Modena",38,"Ferrari"
"219",551,"360 Spider",38,"Ferrari"
"220",552,"365",38,"Ferrari"
"221",1878,"3741",143,"”¿«"
"222",1879,"3909",143,"”¿«"
"223",1984,"390902",143,"”¿«"
"224",2178,"390944",143,"”¿«"
"225",2134,"390945",143,"”¿«"
"226",2129,"39099",143,"”¿«"
"227",1891,"390995",143,"”¿«"
"228",1880,"3962",143,"”¿«"
"229",1326,"4",96,"Renault"
"230",1521,"4 Runner",121,"Toyota"
"231",1111,"4/4",84,"Morgan"
"232",1368,"400",99,"Rover"
"233",1649,"400",123,"Venturi"
"234",1849,"400",142,"ÃÓÒÍ‚Ë˜"
"235",1258,"4007",91,"Peugeot"
"236",1998,"4008",91,"Peugeot"
"237",1850,"401",142,"ÃÓÒÍ‚Ë˜"
"238",1851,"402",142,"ÃÓÒÍ‚Ë˜"
"239",1852,"403",142,"ÃÓÒÍ‚Ë˜"
"240",2292,"403",91,"Peugeot"
"241",1259,"405",91,"Peugeot"
"242",1260,"406",91,"Peugeot"
"243",1261,"407",91,"Peugeot"
"244",1853,"407",142,"ÃÓÒÍ‚Ë˜"
"245",1854,"408",142,"ÃÓÒÍ‚Ë˜"
"246",2289,"408",91,"Peugeot"
"247",1855,"410",142,"ÃÓÒÍ‚Ë˜"
"248",1825,"4104",139,"«»À"
"249",1826,"41047",139,"«»À"
"250",553,"412",38,"Ferrari"
"251",1834,"412",140,"»∆"
"252",1856,"412",142,"ÃÓÒÍ‚Ë˜"
"253",1314,"415",95,"Proton"
"254",830,"420",58,"Jaguar"
"255",2281,"420",11,"BMW"
"256",1857,"426",142,"ÃÓÒÍ‚Ë˜"
"257",1858,"427",142,"ÃÓÒÍ‚Ë˜"
"258",1810,"43",137," ¿Ã¿«"
"259",956,"4300 GT Coupe",75,"Maserati"
"260",1695,"440",125,"Volvo"
"261",1369,"45",99,"Rover"
"262",554,"456 GT",38,"Ferrari"
"263",2175,"458 Spider",38,"Ferrari"
"264",1881,"459",143,"”¿«"
"265",1696,"460",125,"Volvo"
"266",1882,"469",143,"”¿«"
"267",1827,"4741",139,"«»À"
"268",1697,"480",125,"Volvo"
"269",973,"5",77,"Mazda"
"270",1327,"5",96,"Renault"
"271",233,"5 series",11,"BMW"
"272",577,"500",39,"Fiat"
"273",207,"5000",10,"Audi"
"274",1262,"504",91,"Peugeot"
"275",1263,"505",91,"Peugeot"
"276",555,"512 M",38,"Ferrari"
"277",1800,"52/53",134,"√¿«"
"278",2201,"520",11,"BMW"
"279",2295,"525",11,"BMW"
"280",2196,"525TD",11,"BMW"
"281",1811,"53",137," ¿Ã¿«"
"282",1992,"530",11,"BMW"
"283",1828,"5301",139,"«»À"
"284",2296,"535",11,"BMW"
"285",1812,"54",137," ¿Ã¿«"
"286",2186,"545",11,"BMW"
"287",1813,"55",137," ¿Ã¿«"
"288",556,"550 Barchetta",38,"Ferrari"
"289",557,"550 Maranello",38,"Ferrari"
"290",2006,"550i",11,"BMW"
"291",965,"57",76,"Maybach"
"292",558,"575 Maranello",38,"Ferrari"
"293",966,"57S",76,"Maybach"
"294",559,"599 GTB",38,"Ferrari"
"295",974,"6",77,"Mazda"
"296",234,"6 series",11,"BMW"
"297",507,"600",31,"Dodge"
"298",578,"600",39,"Fiat"
"299",1370,"600",99,"Rover"
"300",1646,"600",122,"Trabant"
"301",1647,"601",122,"Trabant"
"302",1264,"604",91,"Peugeot"
"303",1265,"605",91,"Peugeot"
"304",1266,"607",91,"Peugeot"
"305",1267,"608",91,"Peugeot"
"306",560,"612 Scaglietti",38,"Ferrari"
"307",1510,"613",117,"Tatra"
"308",967,"62",76,"Maybach"
"309",975,"626",77,"Mazda"
"310",968,"62S",76,"Maybach"
"311",2215,"645",11,"BMW"
"312",1814,"65",137," ¿Ã¿«"
"313",2167,"650i",11,"BMW"
"314",1801,"66",134,"√¿«"
"315",1802,"67",134,"√¿«"
"316",1803,"69",134,"√¿«"
"317",930,"7",70,"MG"
"318",1886,"7 HC TRANSPORTER",124,"Volkswagen"
"319",235,"7 series",11,"BMW"
"320",1511,"700",117,"Tatra"
"321",1959,"730",11,"BMW"
"322",1980,"735 LI",11,"BMW"
"323",1698,"740",125,"Volvo"
"324",1989,"740i",11,"BMW"
"325",1699,"744",125,"Volvo"
"326",1700,"745",125,"Volvo"
"327",2146,"745",11,"BMW"
"328",1993,"745 Li",11,"BMW"
"329",172,"75",5,"Alfa Romeo"
"330",1371,"75",99,"Rover"
"331",1357,"750",97,"Roewe"
"332",1987,"750",11,"BMW"
"333",1701,"760",125,"Volvo"
"334",1807,"762",135,"≈–¿«"
"335",1702,"780",125,"Volvo"
"336",1328,"8",96,"Renault"
"337",236,"8 series",11,"BMW"
"338",208,"80",10,"Audi"
"339",949,"800",74,"Maruti"
"340",1372,"800",99,"Rover"
"341",1268,"806",91,"Peugeot"
"342",1269,"807",91,"Peugeot"
"343",1512,"815",117,"Tatra"
"344",579,"850",39,"Fiat"
"345",1703,"850",125,"Volvo"
"346",2197,"850",11,"BMW"
"347",173,"8C Competizione",5,"Alfa Romeo"
"348",1329,"9",96,"Renault"
"349",1391,"9-2",101,"Saab"
"350",1392,"9-3",101,"Saab"
"351",1393,"9-5",101,"Saab"
"352",1394,"9-7X",101,"Saab"
"353",174,"90",5,"Alfa Romeo"
"354",209,"90",10,"Audi"
"355",1395,"900",101,"Saab"
"356",1396,"900 II",101,"Saab"
"357",1397,"9000",101,"Saab"
"358",1302,"911",94,"Porsche"
"359",2039,"911 Coupe",94,"Porsche"
"360",1303,"924",94,"Porsche"
"361",1304,"928",94,"Porsche"
"362",976,"929",77,"Mazda"
"363",1704,"940",125,"Volvo"
"364",1305,"944",94,"Porsche"
"365",1705,"944",125,"Volvo"
"366",1706,"945",125,"Volvo"
"367",1707,"960",125,"Volvo"
"368",1815,"965",138,"«¿«"
"369",1816,"966",138,"«¿«"
"370",1836,"967",141,"À”¿«"
"371",1837,"967Ã",141,"À”¿«"
"372",1306,"968",94,"Porsche"
"373",1817,"968",138,"«¿«"
"374",1818,"968Ã",138,"«¿«"
"375",1838,"969",141,"À”¿«"
"376",1839,"969¿",141,"À”¿«"
"377",1840,"969¡",141,"À”¿«"
"378",1841,"969Ã",141,"À”¿«"
"379",1307,"996",94,"Porsche"
"380",1308,"997",94,"Porsche"
"381",1014,"A-ÍÎ‡ÒÒ",79,"Mercedes-Benz"
"382",2286,"A1",10,"Audi"
"383",210,"A2",10,"Audi"
"384",2265,"A21",20,"Chery"
"385",211,"A3",10,"Audi"
"386",212,"A4",10,"Audi"
"387",213,"A5",10,"Audi"
"388",214,"A6",10,"Audi"
"389",215,"A6 allroad quattro",10,"Audi"
"390",2277,"A7",10,"Audi"
"391",216,"A8",10,"Audi"
"392",1900,"A8L",10,"Audi"
"393",2,"AC",NA,NA
"394",667,"Acadia",41,"GMC"
"395",760,"Accent",52,"Hyundai"
"396",1274,"Acclaim",92,"Plymouth"
"397",704,"Accord",49,"Honda"
"398",145,"Ace",2,"AC"
"399",146,"Aceca",2,"AC"
"400",1198,"Achieva",86,"Oldsmobile"
"401",2130,"Actros",79,"Mercedes-Benz"
"402",1438,"Actyon",111,"SsangYong"
"403",1439,"Actyon Sport",111,"SsangYong"
"404",3,"Acura",NA,NA
"405",1122,"AD",85,"Nissan"
"406",4,"Admiral",NA,NA
"407",537,"Admiral",35,"FAW"
"408",1213,"Admiral",87,"Opel"
"409",1514,"Admiral",119,"Tianye"
"410",1470,"Aerio",113,"Suzuki"
"411",1112,"Aero 8",84,"Morgan"
"412",613,"Aerostar",40,"Ford"
"413",1214,"Agila",87,"Opel"
"414",1052,"Airtrek",82,"Mitsubishi"
"415",705,"Airwave",49,"Honda"
"416",580,"Albea",39,"Fiat"
"417",309,"Alero",21,"Chevrolet"
"418",1199,"Alero",86,"Oldsmobile"
"419",5,"Alfa Romeo",NA,NA
"420",175,"Alfasud",5,"Alfa Romeo"
"421",176,"Alfetta",5,"Alfa Romeo"
"422",1379,"Alhambra",100,"SEAT"
"423",977,"Allegro",77,"Mazda"
"424",1522,"Allex",121,"Toyota"
"425",1523,"Allion",121,"Toyota"
"426",1123,"Almera",85,"Nissan"
"427",1124,"Almera Classic",85,"Nissan"
"428",1125,"Almera Tino",85,"Nissan"
"429",1524,"Alphard",121,"Toyota"
"430",6,"Alpina",NA,NA
"431",1380,"Altea",100,"SEAT"
"432",686,"Alter",45,"Gonow"
"433",1525,"Altezza",121,"Toyota"
"434",1126,"Altima",85,"Nissan"
"435",462,"Altis",27,"Daihatsu"
"436",1471,"Alto",113,"Suzuki"
"437",1976,"AMG SLS ",79,"Mercedes-Benz"
"438",813,"Amigo",56,"Isuzu"
"439",298,"Amulet",20,"Chery"
"440",1215,"Antara",87,"Opel"
"441",499,"Antelope",30,"Derways"
"442",753,"Antelope",50,"Huanghai"
"443",463,"Applause",27,"Daihatsu"
"444",431,"Arcadia",26,"Daewoo"
"445",1216,"Arena",87,"Opel"
"446",1526,"Aristo",121,"Toyota"
"447",942,"Armada",72,"Mahindra"
"448",1127,"Armada",85,"Nissan"
"449",253,"Arnage",13,"Bentley"
"450",7,"Aro",NA,NA
"451",1381,"Arosa",100,"SEAT"
"452",814,"Ascender",56,"Isuzu"
"453",1217,"Ascona",87,"Opel"
"454",706,"Ascot",49,"Honda"
"455",8,"Asia",NA,NA
"456",815,"Aska",56,"Isuzu"
"457",374,"Aspen",22,"Chrysler"
"458",614,"Aspire",40,"Ford"
"459",1053,"Aspire",82,"Mitsubishi"
"460",530,"Assol",32,"Doninvest"
"461",9,"Aston Martin",NA,NA
"462",1218,"Astra",87,"Opel"
"463",1402,"Astra",104,"Saturn"
"464",310,"Astro",21,"Chevrolet"
"465",2279,"ASX",82,"Mitsubishi"
"466",978,"Atenza",77,"Mazda"
"467",761,"Atos",52,"Hyundai"
"468",464,"Atrai",27,"Daihatsu"
"469",10,"Audi",NA,NA
"470",1403,"Aura",104,"Saturn"
"471",1527,"Aurion",121,"Toyota"
"472",1528,"Auris",121,"Toyota"
"473",500,"Aurora",30,"Derways"
"474",1200,"Aurora",86,"Oldsmobile"
"475",311,"Avalanche",21,"Chevrolet"
"476",1529,"Avalon",121,"Toyota"
"477",707,"Avancier",49,"Honda"
"478",762,"Avante",52,"Hyundai"
"479",1330,"Avantime",96,"Renault"
"480",850,"Avella",61,"Kia"
"481",508,"Avenger",31,"Dodge"
"482",1128,"Avenir",85,"Nissan"
"483",1530,"Avensis",121,"Toyota"
"484",1531,"Avensis Verso",121,"Toyota"
"485",312,"Aveo",21,"Chevrolet"
"486",915,"Aviator",68,"Lincoln"
"487",395,"AX",23,"Citroen"
"488",816,"Axiom",56,"Isuzu"
"489",1532,"Aygo",121,"Toyota"
"490",979,"Az-wagon",77,"Mazda"
"491",763,"Azera",52,"Hyundai"
"492",1281,"Aztec",93,"Pontiac"
"493",254,"Azure",13,"Bentley"
"494",980,"B-Series",77,"Mazda"
"495",1015,"B-ÍÎ‡ÒÒ",79,"Mercedes-Benz"
"496",183,"B10",6,"Alpina"
"497",299,"B11 (Oriental Son)",20,"Chery"
"498",184,"B12",6,"Alpina"
"499",300,"B14",20,"Chery"
"500",185,"B3",6,"Alpina"
"501",186,"B7",6,"Alpina"
"502",187,"B8",6,"Alpina"
"503",1449,"Baja",112,"Subaru"
"504",1472,"Baleno",113,"Suzuki"
"505",1533,"Bandeirante",121,"Toyota"
"506",1515,"Banner",119,"Tianye"
"507",829,"Baodian",57,"JMC"
"508",581,"Barchetta",39,"Fiat"
"509",1129,"Bassara",85,"Nissan"
"510",1644,"bB",121,"Toyota"
"511",465,"Be-go",27,"Daihatsu"
"512",1651,"Beetle",124,"Volkswagen"
"513",1945,"Bel Air",21,"Chevrolet"
"514",13,"Bentley",NA,NA
"515",313,"Beretta",21,"Chevrolet"
"516",397,"Berlingo",23,"Citroen"
"517",851,"Besta",61,"Kia"
"518",538,"Besturn",35,"FAW"
"519",817,"Bighorn",56,"Isuzu"
"520",916,"Blackwood",68,"Lincoln"
"521",314,"Blazer",21,"Chevrolet"
"522",282,"BLS",17,"Cadillac"
"523",1130,"Bluebird",85,"Nissan"
"524",1131,"Bluebird Sylphy",85,"Nissan"
"525",11,"BMW",NA,NA
"526",2271,"Bombardier",NA,NA
"527",982,"Bongo-Friendee",77,"Mazda"
"528",1282,"Bonneville",93,"Pontiac"
"529",466,"Boon",27,"Daihatsu"
"530",1652,"Bora",124,"Volkswagen"
"531",1270,"Boxer",91,"Peugeot"
"532",1309,"Boxster",94,"Porsche"
"533",582,"Brava",39,"Fiat"
"534",1201,"Bravada",86,"Oldsmobile"
"535",583,"Bravo",39,"Fiat"
"536",1054,"Bravo",82,"Mitsubishi"
"537",914,"Breez",67,"Lifan"
"538",1275,"Breeze",92,"Plymouth"
"539",177,"Brera",5,"Alfa Romeo"
"540",1534,"Brevis",121,"Toyota"
"541",14,"Brilliance",NA,NA
"542",698,"Brio",47,"Hafei"
"543",615,"Bronco",40,"Ford"
"544",255,"Brooklands",13,"Bentley"
"545",432,"Brougham",26,"Daewoo"
"546",981,"BT-50",77,"Mazda"
"547",15,"Bugatti",NA,NA
"548",16,"Buick",NA,NA
"549",396,"BX",23,"Citroen"
"550",12,"BYD",NA,NA
"551",398,"C-Crosser",23,"Citroen"
"552",616,"C-Max",40,"Ford"
"553",399,"C-Triomphe",23,"Citroen"
"554",1016,"C-ÍÎ‡ÒÒ",79,"Mercedes-Benz"
"555",400,"C1",23,"Citroen"
"556",401,"C15",23,"Citroen"
"557",402,"C2",23,"Citroen"
"558",294,"C21",18,"Caterham"
"559",403,"C3",23,"Citroen"
"560",404,"C3 Pluriel",23,"Citroen"
"561",1708,"C30",125,"Volvo"
"562",405,"C4",23,"Citroen"
"563",406,"C4 Picasso",23,"Citroen"
"564",407,"C5",23,"Citroen"
"565",408,"C6",23,"Citroen"
"566",1709,"C70",125,"Volvo"
"567",409,"C8",23,"Citroen"
"568",1437,"C8",110,"Spyker"
"569",217,"Cabriolet",10,"Audi"
"570",1653,"Caddy",124,"Volkswagen"
"571",17,"Cadillac",NA,NA
"572",1535,"Caldina",121,"Toyota"
"573",509,"Caliber",31,"Dodge"
"574",1219,"Calibra",87,"Opel"
"575",1654,"California",124,"Volkswagen"
"576",315,"Camaro",21,"Chevrolet"
"577",1536,"Cami",121,"Toyota"
"578",1655,"Camper",124,"Volkswagen"
"579",1220,"Campo",87,"Opel"
"580",1537,"Camry",121,"Toyota"
"581",1538,"Camry Solara",121,"Toyota"
"582",668,"Canyon",41,"GMC"
"583",710,"Capa",49,"Honda"
"584",985,"Capella",77,"Mazda"
"585",1473,"Cappuccino",113,"Suzuki"
"586",617,"Capri",40,"Ford"
"587",316,"Caprice",21,"Chevrolet"
"588",701,"Caprice",48,"Holden"
"589",317,"Captiva",21,"Chevrolet"
"590",510,"Caravan",31,"Dodge"
"591",1132,"Caravan",85,"Nissan"
"592",1656,"Caravelle",124,"Volkswagen"
"593",852,"Carens",61,"Kia"
"594",1539,"Carina",121,"Toyota"
"595",1540,"Carina E",121,"Toyota"
"596",1541,"Carina ED",121,"Toyota"
"597",1055,"Carisma",82,"Mitsubishi"
"598",853,"Carnival",61,"Kia"
"599",986,"Carol",77,"Mazda"
"600",1310,"Carrera GT",94,"Porsche"
"601",284,"Catera",17,"Cadillac"
"602",18,"Caterham",NA,NA
"603",318,"Cavalier",21,"Chevrolet"
"604",1542,"Cavalier",121,"Toyota"
"605",1311,"Cayenne",94,"Porsche"
"606",1312,"Cayman",94,"Porsche"
"607",2216,"Cayman S",94,"Porsche"
"608",1133,"Cedric",85,"Nissan"
"609",854,"Ceed",61,"Kia"
"610",1134,"Cefiro",85,"Nissan"
"611",1543,"Celica",121,"Toyota"
"612",1544,"Celsior",121,"Toyota"
"613",319,"Celta",21,"Chevrolet"
"614",764,"Centennial",52,"Hyundai"
"615",267,"Century",16,"Buick"
"616",1513,"Century",118,"Tianma"
"617",1545,"Century",121,"Toyota"
"618",855,"Cerato",61,"Kia"
"619",1500,"Cerbera",114,"TVR"
"620",433,"Chairman",26,"Daewoo"
"621",1440,"Chairman",111,"SsangYong"
"622",1056,"Challenger",82,"Mitsubishi"
"623",2301,"Chance",138,"«¿«"
"624",19,"ChangFeng",NA,NA
"625",467,"Charade",27,"Daihatsu"
"626",511,"Charger",31,"Dodge"
"627",1057,"Chariot",82,"Mitsubishi"
"628",1546,"Chaser",121,"Toyota"
"629",842,"Cherokee",59,"Jeep"
"630",1135,"Cherry",85,"Nissan"
"631",20,"Chery",NA,NA
"632",320,"Chevi C2",21,"Chevrolet"
"633",21,"Chevrolet",NA,NA
"634",1501,"Chimaera",114,"TVR"
"635",22,"Chrysler",NA,NA
"636",1136,"Cima",85,"Nissan"
"637",584,"Cinquecento",39,"Fiat"
"638",375,"Cirrus",22,"Chrysler"
"639",23,"Citroen",NA,NA
"640",711,"City",49,"Honda"
"641",1373,"City",99,"Rover"
"642",1433,"City",109,"Smart"
"643",422,"City Leading",24,"DADI"
"644",712,"Civic",49,"Honda"
"645",1137,"Civilian",85,"Nissan"
"646",943,"CJ",72,"Mahindra"
"647",149,"CL",3,"Acura"
"648",1017,"CL-ÍÎ‡ÒÒ",79,"Mercedes-Benz"
"649",856,"Clarus",61,"Kia"
"650",321,"Classic",21,"Chevrolet"
"651",1018,"CLC-ÍÎ‡ÒÒ",79,"Mercedes-Benz"
"652",1331,"Clio",96,"Renault"
"653",1019,"CLK-ÍÎ‡ÒÒ",79,"Mercedes-Benz"
"654",1020,"CLS-ÍÎ‡ÒÒ",79,"Mercedes-Benz"
"655",939,"Clubman",71,"MINI"
"656",1547,"Coaster",121,"Toyota"
"657",322,"Cobalt",21,"Chevrolet"
"658",147,"Cobra",2,"AC"
"659",323,"Colorado",21,"Chevrolet"
"660",1058,"Colt",82,"Mitsubishi"
"661",1221,"Combo",87,"Opel"
"662",843,"Commander",59,"Jeep"
"663",944,"Commander",72,"Mahindra"
"664",702,"Commodore",48,"Holden"
"665",844,"Compass",59,"Jeep"
"666",713,"Concerto",49,"Honda"
"667",376,"Concorde",22,"Chrysler"
"668",618,"Consul",40,"Ford"
"669",256,"Continental",13,"Bentley"
"670",917,"Continental",68,"Lincoln"
"671",257,"Continental Flying Spur",13,"Bentley"
"672",258,"Continental GT",13,"Bentley"
"673",619,"Contour",40,"Ford"
"674",324,"Conversion Van",21,"Chevrolet"
"675",468,"Coo",27,"Daihatsu"
"676",940,"Cooper",71,"MINI"
"677",469,"Copen",27,"Daihatsu"
"678",1382,"Cordoba",100,"SEAT"
"679",1358,"Corniche",98,"Rolls-Royce"
"680",1548,"Corolla",121,"Toyota"
"681",1549,"Corolla Ceres",121,"Toyota"
"682",1550,"Corolla Fielder",121,"Toyota"
"683",1551,"Corolla Levin",121,"Toyota"
"684",1552,"Corolla Runx",121,"Toyota"
"685",1553,"Corolla Spacio",121,"Toyota"
"686",1554,"Corolla Verso",121,"Toyota"
"687",1555,"Corona",121,"Toyota"
"688",1556,"Corona Premio",121,"Toyota"
"689",1657,"Corrado",124,"Volkswagen"
"690",325,"Corsa",21,"Chevrolet"
"691",1222,"Corsa",87,"Opel"
"692",1557,"Corsa",121,"Toyota"
"693",326,"Corsica",21,"Chevrolet"
"694",327,"Corvette",21,"Chevrolet"
"695",857,"Cosmos",61,"Kia"
"696",620,"Cougar",40,"Ford"
"697",1040,"Cougar",80,"Mercury"
"698",880,"Countach",62,"Lamborghini"
"699",1658,"Country Buggy",124,"Volkswagen"
"700",585,"Coupe",39,"Fiat"
"701",765,"Coupe",52,"Hyundai"
"702",957,"Coupe",75,"Maserati"
"703",621,"Courier",40,"Ford"
"704",501,"Cowboy",30,"Derways"
"705",708,"CR-V",49,"Honda"
"706",1659,"Crafter",124,"Volkswagen"
"707",1558,"Cressida",121,"Toyota"
"708",1559,"Cresta",121,"Toyota"
"709",1138,"Crew",85,"Nissan"
"710",586,"Croma",39,"Fiat"
"711",377,"Crossfire",22,"Chrysler"
"712",818,"Crosswind",56,"Isuzu"
"713",1924,"CrowLine ",NA,NA
"714",1560,"Crown",121,"Toyota"
"715",1561,"Crown Athlete",121,"Toyota"
"716",1562,"Crown Majesta",121,"Toyota"
"717",1563,"Crown Royal",121,"Toyota"
"718",622,"Crown Victoria",40,"Ford"
"719",328,"Cruze",21,"Chevrolet"
"720",709,"CRX",49,"Honda"
"721",150,"CSX",3,"Acura"
"722",283,"CTS",17,"Cadillac"
"723",1139,"Cube",85,"Nissan"
"724",1474,"Cultus",113,"Suzuki"
"725",470,"Cuore",27,"Daihatsu"
"726",1564,"Curren",121,"Toyota"
"727",1202,"Cutlass",86,"Oldsmobile"
"728",1203,"Cutlass Calais",86,"Oldsmobile"
"729",1204,"Cutlass Ciera",86,"Oldsmobile"
"730",1205,"Cutlass Cruiser",86,"Oldsmobile"
"731",1206,"Cutlass Supreme",86,"Oldsmobile"
"732",410,"CX",23,"Citroen"
"733",2274,"CX-5",77,"Mazda"
"734",983,"CX-7",77,"Mazda"
"735",984,"CX-9",77,"Mazda"
"736",2184,"CX90",125,"Volvo"
"737",1565,"Cynos",121,"Toyota"
"738",819,"D-Max",56,"Isuzu"
"739",188,"D10",6,"Alpina"
"740",533,"D8",33,"Donkervoort"
"741",25,"Dacia",NA,NA
"742",24,"DADI",NA,NA
"743",502,"DADI Shuttle",30,"Derways"
"744",26,"Daewoo",NA,NA
"745",27,"Daihatsu",NA,NA
"746",28,"Daimler",NA,NA
"747",2070,"Daimler Sovereign",58,"Jaguar"
"748",512,"Dakota",31,"Dodge"
"749",434,"Damas",26,"Daewoo"
"750",1140,"Datsun",85,"Nissan"
"751",378,"Daytona",22,"Chrysler"
"752",513,"Daytona",31,"Dodge"
"753",200,"DB7",9,"Aston Martin"
"754",201,"DB9",9,"Aston Martin"
"755",202,"DBS",9,"Aston Martin"
"756",29,"De Tomaso",NA,NA
"757",286,"De Ville",17,"Cadillac"
"758",1059,"Debonair",82,"Mitsubishi"
"759",886,"Dedra",63,"Lancia"
"760",688,"Deer",46,"Great Wall"
"761",899,"Defender",64,"Land Rover"
"762",2259,"Defender 110",64,"Land Rover"
"763",714,"Del Sol",49,"Honda"
"764",1060,"Delica",82,"Mitsubishi"
"765",887,"Delta",63,"Lancia"
"766",1207,"Delta",86,"Oldsmobile"
"767",987,"Demio",77,"Mazda"
"768",30,"Derways",NA,NA
"769",881,"Diablo",62,"Lamborghini"
"770",1061,"Diamante",82,"Mitsubishi"
"771",1450,"Dias Wagon",112,"Subaru"
"772",1062,"Dingo",82,"Mitsubishi"
"773",1063,"Dion",82,"Mitsubishi"
"774",900,"Discovery",64,"Land Rover"
"775",2170,"Discovery 3",64,"Land Rover"
"776",2118,"Discovery 4",64,"Land Rover"
"777",587,"Doblo",39,"Fiat"
"778",31,"Dodge",NA,NA
"779",1516,"Dogan",120,"Tofas"
"780",715,"Domani",49,"Honda"
"781",32,"Doninvest",NA,NA
"782",33,"Donkervoort",NA,NA
"783",1728,"Dragon",130,"Yzk"
"784",2260,"DS4",23,"Citroen"
"785",285,"DTS",17,"Cadillac"
"786",588,"Ducato",39,"Fiat"
"787",1566,"Duet",121,"Toyota"
"788",589,"Duna",39,"Fiat"
"789",514,"Durango",31,"Dodge"
"790",2121,"Duster",96,"Renault"
"791",2299,"Dyna",121,"Toyota"
"792",515,"Dynasty",31,"Dodge"
"793",766,"Dynasty",52,"Hyundai"
"794",831,"E-Type",58,"Jaguar"
"795",1021,"E-ÍÎ‡ÒÒ",79,"Mercedes-Benz"
"796",1451,"E10",112,"Subaru"
"797",1452,"E12",112,"Subaru"
"798",34,"Eagle",NA,NA
"799",301,"Eastar",20,"Chery"
"800",264,"EB 110",15,"Bugatti"
"801",265,"EB 112",15,"Bugatti"
"802",1567,"Echo",121,"Toyota"
"803",1065,"Eclipse",82,"Mitsubishi"
"804",623,"Econoline",40,"Ford"
"805",624,"Econovan",40,"Ford"
"806",625,"Edge",40,"Ford"
"807",988,"Efini MS-8",77,"Mazda"
"808",1208,"Eighty Eight",86,"Oldsmobile"
"809",1064,"EK",82,"Mitsubishi"
"810",151,"EL",3,"Acura"
"811",858,"Elan",61,"Kia"
"812",767,"Elantra",52,"Hyundai"
"813",287,"Eldorado",17,"Cadillac"
"814",268,"Electra",16,"Buick"
"815",716,"Element",49,"Honda"
"816",1141,"Elgrand",85,"Nissan"
"817",925,"Elise",69,"Lotus"
"818",717,"Elysion",49,"Honda"
"819",1066,"Emeraude",82,"Mitsubishi"
"820",2298,"Emgrand",42,"Geely"
"821",269,"Enclave",16,"Buick"
"822",1067,"Endeavor",82,"Mitsubishi"
"823",859,"Enterprise",61,"Kia"
"824",768,"Entourage",52,"Hyundai"
"825",669,"Envoy",41,"GMC"
"826",561,"Enzo",38,"Ferrari"
"827",1660,"EOS",124,"Volkswagen"
"828",329,"Epica",21,"Chevrolet"
"829",1475,"Equator",113,"Suzuki"
"830",330,"Equinox",21,"Chevrolet"
"831",769,"Equis",52,"Hyundai"
"832",906,"ES",66,"Lexus"
"833",288,"Escalade",17,"Cadillac"
"834",2213,"Escalade AWD",17,"Cadillac"
"835",626,"Escape",40,"Ford"
"836",627,"Escort",40,"Ford"
"837",1476,"Escudo",113,"Suzuki"
"838",1332,"Espace",96,"Renault"
"839",882,"Espada",62,"Lamborghini"
"840",1246,"Esperante",90,"Panoz"
"841",435,"Espero",26,"Daewoo"
"842",926,"Esprit",69,"Lotus"
"843",471,"Esse",27,"Daihatsu"
"844",950,"Esteem",74,"Maruti"
"845",1477,"Esteem",113,"Suzuki"
"846",1568,"Estima",121,"Toyota"
"847",1569,"Estima Lucida",121,"Toyota"
"848",1722,"Estina",126,"Vortex"
"849",1068,"Eterna",82,"Mitsubishi"
"850",927,"Europa",69,"Lotus"
"851",1661,"EuroVan",124,"Volkswagen"
"852",331,"Evanda",21,"Chevrolet"
"853",436,"Evanda",26,"Daewoo"
"854",411,"Evasion",23,"Citroen"
"855",628,"Everest",40,"Ford"
"856",1478,"Every",113,"Suzuki"
"857",800,"EX",53,"Infiniti"
"858",629,"Excursion",40,"Ford"
"859",1383,"Exeo",100,"SEAT"
"860",928,"Exige",69,"Lotus"
"861",630,"Expedition",40,"Ford"
"862",1142,"Expert",85,"Nissan"
"863",1271,"Expert",91,"Peugeot"
"864",631,"Explorer",40,"Ford"
"865",2237,"Explorer Limited",40,"Ford"
"866",2235,"Explorer Sport Trac",40,"Ford"
"867",332,"Express",21,"Chevrolet"
"868",931,"Express",70,"MG"
"869",1333,"Express",96,"Renault"
"870",1928,"Express G1",21,"Chevrolet"
"871",1933,"Express G1500 ",21,"Chevrolet"
"872",472,"Extol",27,"Daihatsu"
"873",248,"F0",12,"BYD"
"874",1013,"F1",78,"McLaren"
"875",632,"F150",40,"Ford"
"876",633,"F250",40,"Ford"
"877",249,"F3",12,"BYD"
"878",634,"F350",40,"Ford"
"879",562,"F355 GTS",38,"Ferrari"
"880",563,"F355 Spider",38,"Ferrari"
"881",564,"F40",38,"Ferrari"
"882",565,"F430",38,"Ferrari"
"883",566,"F50",38,"Ferrari"
"884",250,"F6",12,"BYD"
"885",251,"F6",12,"BYD"
"886",1422,"Fabia",108,"Skoda"
"887",1143,"Fairlady",85,"Nissan"
"888",635,"Fairline",40,"Ford"
"889",989,"Familia",77,"Mazda"
"890",2195,"Family",21,"Chevrolet"
"891",820,"Faster",56,"Isuzu"
"892",1905,"FAT BOY FLSTF/FLSTFI ",1884,"Harley-Davidson"
"893",1423,"Favorit",108,"Skoda"
"894",35,"FAW",NA,NA
"895",1424,"Felicia",108,"Skoda"
"896",473,"Feroza",27,"Daihatsu"
"897",38,"Ferrari",NA,NA
"898",636,"Festiva",40,"Ford"
"899",1650,"Fetish",123,"Venturi"
"900",39,"Fiat",NA,NA
"901",637,"Fiesta",40,"Ford"
"902",990,"Fighter",77,"Mazda"
"903",821,"Filly",56,"Isuzu"
"904",1729,"Fine",130,"Yzk"
"905",590,"Fiorino",39,"Fiat"
"906",1283,"Firebird",93,"Pontiac"
"907",719,"Fit",49,"Honda"
"908",638,"Five Hundred",40,"Ford"
"909",1570,"FJ Cruiser",121,"Toyota"
"910",289,"Fleetwood",17,"Cadillac"
"911",1922,"FLHXI ",1884,"Harley-Davidson"
"912",1903,"FLSTC",1884,"Harley-Davidson"
"913",1885,"Fluence",96,"Renault"
"914",252,"Flyer",12,"BYD"
"915",296,"Flying",19,"ChangFeng"
"916",1730,"Flying",130,"Yzk"
"917",639,"Focus",40,"Ford"
"918",302,"Fora",20,"Chery"
"919",40,"Ford",NA,NA
"920",1479,"Forenza",113,"Suzuki"
"921",1453,"Forester",112,"Subaru"
"922",1434,"Forfour",109,"Smart"
"923",1425,"Forman",108,"Skoda"
"924",1571,"Fortuner",121,"Toyota"
"925",1435,"Fortwo",109,"Smart"
"926",2233,"Forward",56,"Isuzu"
"927",1662,"Fox",124,"Volkswagen"
"928",718,"FR-V",49,"Honda"
"929",901,"Freelander",64,"Land Rover"
"930",2072,"Freelander 2",64,"Land Rover"
"931",2302,"Freemont",39,"Fiat"
"932",640,"Freestar",40,"Ford"
"933",641,"Freestyle",40,"Ford"
"934",1384,"Freetrack",100,"SEAT"
"935",1223,"Frontera",87,"Opel"
"936",1144,"Frontier",85,"Nissan"
"937",36,"FSO",NA,NA
"938",37,"FSR",NA,NA
"939",1069,"FTO",82,"Mitsubishi"
"940",1334,"Fuego",96,"Renault"
"941",2234,"Fuga",85,"Nissan"
"942",888,"Fulvia",63,"Lancia"
"943",1572,"Funcargo",121,"Toyota"
"944",642,"Fusion",40,"Ford"
"945",1070,"Fuso Canter",82,"Mitsubishi"
"946",801,"FX",53,"Infiniti"
"947",1904,"FX",58,"Jaguar"
"948",2116,"FX 37",53,"Infiniti"
"949",685,"G",44,"Ginetta"
"950",802,"G COUPE",53,"Infiniti"
"951",803,"G SEDAN",53,"Infiniti"
"952",1022,"G-ÍÎ‡ÒÒ",79,"Mercedes-Benz"
"953",1284,"G5",93,"Pontiac"
"954",1285,"G6",93,"Pontiac"
"955",1286,"G7",93,"Pontiac"
"956",1287,"G8",93,"Pontiac"
"957",1573,"Gaia",121,"Toyota"
"958",2228,"Gala",121,"Toyota"
"959",1072,"Galant",82,"Mitsubishi"
"960",643,"Galaxy",40,"Ford"
"961",883,"Gallardo",62,"Lamborghini"
"962",770,"Galloper",52,"Hyundai"
"963",1109,"Galue",83,"Mitsuoka"
"964",42,"Geely",NA,NA
"965",822,"Gemini",56,"Isuzu"
"966",771,"Genesis",52,"Hyundai"
"967",438,"Gentra",26,"Daewoo"
"968",43,"Geo",NA,NA
"969",1480,"Geo",113,"Suzuki"
"970",333,"Geo Storm",21,"Chevrolet"
"971",334,"Geo Tracker",21,"Chevrolet"
"972",772,"Getz",52,"Hyundai"
"973",958,"Ghibli",75,"Maserati"
"974",959,"Ghibli II",75,"Maserati"
"975",44,"Ginetta",NA,NA
"976",180,"Giulietta",5,"Alfa Romeo"
"977",1023,"GL-ÍÎ‡ÒÒ",79,"Mercedes-Benz"
"978",270,"GL8",16,"Buick"
"979",1024,"GLK-ÍÎ‡ÒÒ",79,"Mercedes-Benz"
"980",1145,"Gloria",85,"Nissan"
"981",41,"GMC",NA,NA
"982",2160,"GMT926",17,"Cadillac"
"983",1663,"Gol",124,"Volkswagen"
"984",1664,"Golf",124,"Volkswagen"
"985",1665,"Golf Plus",124,"Volkswagen"
"986",45,"Gonow",NA,NA
"987",474,"Gran Move",27,"Daihatsu"
"988",960,"Gran Sport",75,"Maserati"
"989",961,"Gran Turismo",75,"Maserati"
"990",644,"Granada",40,"Ford"
"991",1289,"Grand AM",93,"Pontiac"
"992",412,"Grand C4 Picasso",23,"Citroen"
"993",516,"Grand Caravan",31,"Dodge"
"994",845,"Grand Cherokee",59,"Jeep"
"995",1335,"Grand Espace",96,"Renault"
"996",1574,"Grand hiace",121,"Toyota"
"997",1041,"Grand Marquis",80,"Mercury"
"998",1290,"Grand Prix",93,"Pontiac"
"999",1336,"Grand Scenic",96,"Renault"
"1000",1732,"Grand Tiger",131,"ZX"
"1001",1481,"Grand Vitara",113,"Suzuki"
"1002",2158,"Grand Vitara XL",113,"Suzuki"
"1003",379,"Grand Voyager",22,"Chrysler"
"1004",860,"GrandBird",61,"Kia"
"1005",591,"Grande Punto",39,"Fiat"
"1006",773,"Grandeur",52,"Hyundai"
"1007",1073,"Grandis",82,"Mitsubishi"
"1008",2297,"Granta",132,"¬¿«"
"1009",1575,"Granvia",121,"Toyota"
"1010",46,"Great Wall",NA,NA
"1011",1502,"Griffith",114,"TVR"
"1012",907,"GS",66,"Lexus"
"1013",178,"GT",5,"Alfa Romeo"
"1014",1224,"GT",87,"Opel"
"1015",567,"GTB",38,"Ferrari"
"1016",1071,"GTO",82,"Mitsubishi"
"1017",1288,"GTO",93,"Pontiac"
"1018",179,"GTV",5,"Alfa Romeo"
"1019",497,"Guara",29,"De Tomaso"
"1020",908,"GX",66,"Lexus"
"1021",437,"GX2",26,"Daewoo"
"1022",687,"GX6",45,"Gonow"
"1023",951,"Gypsy",74,"Maruti"
"1024",757,"H1",51,"Hummer"
"1025",774,"H1 (Starex)",52,"Hyundai"
"1026",775,"H100",52,"Hyundai"
"1027",758,"H2",51,"Hummer"
"1028",776,"H200",52,"Hyundai"
"1029",759,"H3",51,"Hummer"
"1030",47,"Hafei",NA,NA
"1031",849,"Haise",60,"Jindei"
"1032",1884,"Harley-Davidson",NA,NA
"1033",1576,"Harrier",121,"Toyota"
"1034",335,"HHR",21,"Chevrolet"
"1035",475,"Hi Jet",27,"Daihatsu"
"1036",197,"Hi-Topic",8,"Asia"
"1037",1577,"Hiace",121,"Toyota"
"1038",1578,"Highlander",121,"Toyota"
"1039",1579,"Hilux",121,"Toyota"
"1040",1580,"Hilux Surf",121,"Toyota"
"1041",48,"Holden",NA,NA
"1042",49,"Honda",NA,NA
"1043",809,"Honker",54,"Intrall"
"1044",1507,"Horizon",115,"Talbot"
"1045",689,"Hover",46,"Great Wall"
"1046",539,"HQ3",35,"FAW"
"1047",720,"HR-V",49,"Honda"
"1048",50,"Huanghai",NA,NA
"1049",51,"Hummer",NA,NA
"1050",1869,"Hunter / 315195",143,"”¿«"
"1051",52,"Hyundai",NA,NA
"1052",804,"I",53,"Infiniti"
"1053",1108,"i",82,"Mitsubishi"
"1054",798,"i10",52,"Hyundai"
"1055",2250,"i20",52,"Hyundai"
"1056",799,"i30",52,"Hyundai"
"1057",2284,"i40",52,"Hyundai"
"1058",1385,"Ibiza",100,"SEAT"
"1059",592,"Idea",39,"Fiat"
"1060",1482,"Ignis",113,"Suzuki"
"1061",645,"Ikon",40,"Ford"
"1062",1666,"Iltis",124,"Volkswagen"
"1063",336,"Impala",21,"Chevrolet"
"1064",1454,"Impreza",112,"Subaru"
"1065",1455,"Impreza WRX STI",112,"Subaru"
"1066",1386,"Inca",100,"SEAT"
"1067",1509,"Indica",116,"Tata"
"1068",53,"Infiniti",NA,NA
"1069",721,"Insight",49,"Honda"
"1070",1225,"Insignia",87,"Opel"
"1071",722,"Inspire",49,"Honda"
"1072",152,"Integra",3,"Acura"
"1073",723,"Integra",49,"Honda"
"1074",2239,"Integra",121,"Toyota"
"1075",54,"Intrall",NA,NA
"1076",380,"Intrepid",22,"Chrysler"
"1077",517,"Intrepid",31,"Dodge"
"1078",1209,"Intrigue",86,"Oldsmobile"
"1079",1404,"ION",104,"Saturn"
"1080",1405,"Ion Red Line",104,"Saturn"
"1081",337,"Ipanema",21,"Chevrolet"
"1082",1581,"Ipsum",121,"Toyota"
"1083",55,"Iran Khodro",NA,NA
"1084",909,"IS",66,"Lexus"
"1085",1582,"Isis",121,"Toyota"
"1086",1583,"Ist",121,"Toyota"
"1087",439,"Istana",26,"Daewoo"
"1088",1441,"Istana",111,"SsangYong"
"1089",56,"Isuzu",NA,NA
"1090",1899,"ix35",52,"Hyundai"
"1091",2205,"ix55",52,"Hyundai"
"1092",805,"J30",53,"Infiniti"
"1093",58,"Jaguar",NA,NA
"1094",724,"Jazz",49,"Honda"
"1095",59,"Jeep",NA,NA
"1096",1667,"Jetta",124,"Volkswagen"
"1097",670,"Jimmy",41,"GMC"
"1098",1483,"Jimny",113,"Suzuki"
"1099",60,"Jindei",NA,NA
"1100",540,"Jinn",35,"FAW"
"1101",57,"JMC",NA,NA
"1102",861,"Joice",61,"Kia"
"1103",518,"Journey",31,"Dodge"
"1104",2227,"Juke",85,"Nissan"
"1105",413,"Jumper",23,"Citroen"
"1106",414,"Jumpy",23,"Citroen"
"1107",1456,"Justy",112,"Subaru"
"1108",2253,"JX",53,"Infiniti"
"1109",862,"K",61,"Kia"
"1110",338,"K3500",21,"Chevrolet"
"1111",646,"Ka",40,"Ford"
"1112",1226,"Kadett",87,"Opel"
"1113",1668,"Kaefer",124,"Volkswagen"
"1114",1764,"Kalina",132,"¬¿«"
"1115",440,"Kalos",26,"Daewoo"
"1116",1337,"Kangoo",96,"Renault"
"1117",2124,"Kangoo 4LT",96,"Renault"
"1118",889,"Kappa",63,"Lancia"
"1119",2303,"Kaptur",96,"Renault"
"1120",1517,"Kartal",120,"Tofas"
"1121",1484,"Kei",113,"Suzuki"
"1122",61,"Kia",NA,NA
"1123",303,"Kimo",20,"Chery"
"1124",1584,"Kluger",121,"Toyota"
"1125",1338,"Koleos",96,"Renault"
"1126",531,"Kondor",32,"Doninvest"
"1127",441,"Korando",26,"Daewoo"
"1128",1442,"Korando",111,"SsangYong"
"1129",1443,"Korando Family",111,"SsangYong"
"1130",647,"Kuga",40,"Ford"
"1131",1444,"Kyron",111,"SsangYong"
"1132",1074,"L200",82,"Mitsubishi"
"1133",1075,"L300",82,"Mitsubishi"
"1134",1076,"L400",82,"Mitsubishi"
"1135",271,"La Crosse",16,"Buick"
"1136",442,"Labo",26,"Daewoo"
"1137",339,"Lacetti",21,"Chevrolet"
"1138",443,"Lacetti",26,"Daewoo"
"1139",2240,"Lada",NA,NA
"1140",725,"Lagreat",49,"Honda"
"1141",1339,"Laguna",96,"Renault"
"1142",62,"Lamborghini",NA,NA
"1143",1077,"Lancer",82,"Mitsubishi"
"1144",1078,"Lancer Cedia",82,"Mitsubishi"
"1145",1079,"Lancer Evolution",82,"Mitsubishi"
"1146",63,"Lancia",NA,NA
"1147",503,"Land Crown",30,"Derways"
"1148",1585,"Land Cruiser",121,"Toyota"
"1149",1931,"Land Cruiser 100",121,"Toyota"
"1150",1930,"Land Cruiser 120",121,"Toyota"
"1151",2294,"Land Cruiser 150",121,"Toyota"
"1152",2067,"Land Cruiser 200",121,"Toyota"
"1153",2258,"Land Cruiser 70",121,"Toyota"
"1154",1968,"Land Cruiser 76",121,"Toyota"
"1155",2231,"Land Cruiser 80",121,"Toyota"
"1156",2232,"Land Cruiser Cygnus",121,"Toyota"
"1157",1586,"Land Cruiser Prado",121,"Toyota"
"1158",64,"Land Rover",NA,NA
"1159",1733,"landmark",131,"ZX"
"1160",754,"Landscape",50,"Huanghai"
"1161",65,"Landwind",NA,NA
"1162",340,"Lanos",21,"Chevrolet"
"1163",444,"Lanos",26,"Daewoo"
"1164",991,"Lantis",77,"Mazda"
"1165",777,"Lantra",52,"Hyundai"
"1166",1485,"Lapin",113,"Suzuki"
"1167",1146,"Largo",85,"Nissan"
"1168",648,"Laser",40,"Ford"
"1169",1276,"Laser",92,"Plymouth"
"1170",1147,"Laurel",85,"Nissan"
"1171",778,"Lavita",52,"Hyundai"
"1172",382,"Le Baron",22,"Chrysler"
"1173",272,"Le Sabre",16,"Buick"
"1174",1110,"Le-Seyde",83,"Mitsuoka"
"1175",1457,"Legacy",112,"Subaru"
"1176",445,"Leganza",26,"Daewoo"
"1177",153,"Legend",3,"Acura"
"1178",726,"Legend",49,"Honda"
"1179",1080,"Legnum",82,"Mitsubishi"
"1180",446,"Lemans",26,"Daewoo"
"1181",1291,"Lemans",93,"Pontiac"
"1182",1387,"Leon",100,"SEAT"
"1183",1458,"Leone",112,"Subaru"
"1184",1148,"Leopard",85,"Nissan"
"1185",992,"Levante",77,"Mazda"
"1186",66,"Lexus",NA,NA
"1187",381,"LHS",22,"Chrysler"
"1188",1486,"Liana",113,"Suzuki"
"1189",2262,"Lianca",39,"Fiat"
"1190",1081,"Libero",82,"Mitsubishi"
"1191",1459,"Libero",112,"Subaru"
"1192",846,"Liberty",59,"Jeep"
"1193",1149,"Liberty",85,"Nissan"
"1194",1731,"Liebao",130,"Yzk"
"1195",67,"Lifan",NA,NA
"1196",727,"Life",49,"Honda"
"1197",495,"Limousine",28,"Daimler"
"1198",68,"Lincoln",NA,NA
"1199",593,"Linea",39,"Fiat"
"1200",1587,"Lite Ace",121,"Toyota"
"1201",1150,"Livina Geniss",85,"Nissan"
"1202",884,"LM-002",62,"Lamborghini"
"1203",429,"Logan",25,"Dacia"
"1204",1340,"Logan",96,"Renault"
"1205",728,"Logo",49,"Honda"
"1206",69,"Lotus",NA,NA
"1207",910,"LS",66,"Lexus"
"1208",918,"LS",68,"Lincoln"
"1209",1406,"LS",104,"Saturn"
"1210",1669,"LT",124,"Volkswagen"
"1211",810,"Lublin",54,"Intrall"
"1212",273,"Lucerne",16,"Buick"
"1213",993,"Luci",77,"Mazda"
"1214",1151,"Lucino",85,"Nissan"
"1215",341,"Lumina",21,"Chevrolet"
"1216",1670,"Lupo",124,"Volkswagen"
"1217",2267,"LVD",NA,NA
"1218",1407,"LW",104,"Saturn"
"1219",911,"LX",66,"Lexus"
"1220",890,"Lybra",63,"Lancia"
"1221",1911,"LYNX",NA,NA
"1222",806,"M",53,"Infiniti"
"1223",962,"M 128",75,"Maserati"
"1224",1804,"M-1",134,"√¿«"
"1225",1805,"M-20",134,"√¿«"
"1226",1025,"M-ÍÎ‡ÒÒ",79,"Mercedes-Benz"
"1227",261,"M1 (Zhonghua)",14,"Brilliance"
"1228",2211,"M170",2210,"Willys"
"1229",262,"M2 (JunJie)",14,"Brilliance"
"1230",237,"M3",11,"BMW"
"1231",2159,"M37",53,"Infiniti"
"1232",2266,"M37X",53,"Infiniti"
"1233",238,"M5",11,"BMW"
"1234",239,"M6",11,"BMW"
"1235",2115,"Madena",38,"Ferrari"
"1236",1375,"Maestro",99,"Rover"
"1237",863,"Magentis",61,"Kia"
"1238",1082,"Magna",82,"Mitsubishi"
"1239",519,"Magnum",31,"Dodge"
"1240",1341,"Magnum",96,"Renault"
"1241",447,"Magnus",26,"Daewoo"
"1242",72,"Mahindra",NA,NA
"1243",755,"Major",50,"Huanghai"
"1244",342,"Malibu",21,"Chevrolet"
"1245",148,"Mamba",2,"AC"
"1246",1227,"Manta",87,"Opel"
"1247",946,"Mantaray",73,"Marcos"
"1248",947,"Mantis",73,"Marcos"
"1249",1388,"Marbella",100,"SEAT"
"1250",1152,"March",85,"Nissan"
"1251",779,"Marcia",52,"Hyundai"
"1252",73,"Marcos",NA,NA
"1253",594,"Marea",39,"Fiat"
"1254",1042,"Mariner",80,"Mercury"
"1255",841,"mark",58,"Jaguar"
"1256",921,"Mark",68,"Lincoln"
"1257",1590,"Mark II",121,"Toyota"
"1258",922,"Mark LT",68,"Lincoln"
"1259",1591,"Mark X",121,"Toyota"
"1260",945,"Marshal",72,"Mahindra"
"1261",74,"Maruti",NA,NA
"1262",1342,"Mascott",96,"Renault"
"1263",75,"Maserati",NA,NA
"1264",1343,"Master",96,"Renault"
"1265",476,"Materia",27,"Daihatsu"
"1266",448,"Matiz",26,"Daewoo"
"1267",780,"Matrix",52,"Hyundai"
"1268",1592,"Matrix",121,"Toyota"
"1269",649,"Maverick",40,"Ford"
"1270",477,"Max",27,"Daihatsu"
"1271",1153,"Maxima",85,"Nissan"
"1272",1154,"Maxima QX",85,"Nissan"
"1273",1895,"Maxus",2267,"LVD"
"1274",76,"Maybach",NA,NA
"1275",77,"Mazda",NA,NA
"1276",144,"MC 1",1,"Microcar"
"1277",78,"McLaren",NA,NA
"1278",154,"MDX",3,"Acura"
"1279",1344,"Megane",96,"Renault"
"1280",2122,"Megane II CFE16 115 –3",96,"Renault"
"1281",2123,"Megane IIEX2CEA 110 3C",96,"Renault"
"1282",79,"Mercedes-Benz",NA,NA
"1283",80,"Mercury",NA,NA
"1284",343,"Meriva",21,"Chevrolet"
"1285",1228,"Meriva",87,"Opel"
"1286",344,"Metro",21,"Chevrolet"
"1287",1376,"Metro",99,"Rover"
"1288",81,"Metrocab",NA,NA
"1289",70,"MG",NA,NA
"1290",932,"MGF",70,"MG"
"1291",1374,"MGF",99,"Rover"
"1292",1155,"Micra",85,"Nissan"
"1293",1,"Microcar",NA,NA
"1294",933,"Midget",70,"MG"
"1295",824,"Midi",56,"Isuzu"
"1296",1345,"Midlum",96,"Renault"
"1297",1043,"Milan",80,"Mercury"
"1298",999,"Millenia",77,"Mazda"
"1299",71,"MINI",NA,NA
"1300",1377,"Mini",99,"Rover"
"1301",1083,"Minica",82,"Mitsubishi"
"1302",478,"Mira",27,"Daihatsu"
"1303",1084,"Mirage",82,"Mitsubishi"
"1304",1156,"Mistral",85,"Nissan"
"1305",181,"MiTo",5,"Alfa Romeo"
"1306",82,"Mitsubishi",NA,NA
"1307",83,"Mitsuoka",NA,NA
"1308",678,"MK",42,"Geely"
"1309",919,"MKX",68,"Lincoln"
"1310",920,"MKZ",68,"Lincoln"
"1311",2293,"ML-ÍÎ‡ÒÒ",79,"Mercedes-Benz"
"1312",479,"Mobe",27,"Daihatsu"
"1313",729,"Mobilio",49,"Honda"
"1314",1157,"Moco",85,"Nissan"
"1315",1346,"Modus",96,"Renault"
"1316",2251,"Mokka",87,"Opel"
"1317",520,"Monaco",31,"Dodge"
"1318",650,"Mondeo",40,"Ford"
"1319",568,"Mondial 3.2",38,"Ferrari"
"1320",569,"Mondial 8",38,"Ferrari"
"1321",570,"Mondial T",38,"Ferrari"
"1322",345,"Montana",21,"Chevrolet"
"1323",1292,"Montana",93,"Pontiac"
"1324",346,"Monte Carlo",21,"Chevrolet"
"1325",1229,"Monterey",87,"Opel"
"1326",1085,"Montero",82,"Mitsubishi"
"1327",1086,"Montero Sport",82,"Mitsubishi"
"1328",347,"Monza",21,"Chevrolet"
"1329",1230,"Monza",87,"Opel"
"1330",84,"Morgan",NA,NA
"1331",1044,"Mountaineer",80,"Mercury"
"1332",1231,"Movano",87,"Opel"
"1333",480,"Move",27,"Daihatsu"
"1334",994,"MPV",77,"Mazda"
"1335",995,"MPV 2",77,"Mazda"
"1336",1588,"MR2",121,"Toyota"
"1337",1589,"MRS",121,"Toyota"
"1338",823,"MU",56,"Isuzu"
"1339",259,"Mulsanne",13,"Bentley"
"1340",595,"Multipla",39,"Fiat"
"1341",1671,"Multivan",124,"Volkswagen"
"1342",1158,"Murano",85,"Nissan"
"1343",885,"Murcielago",62,"Lamborghini"
"1344",891,"Musa",63,"Lancia"
"1345",449,"Musso",26,"Daewoo"
"1346",1445,"Musso",111,"SsangYong"
"1347",1446,"Musso Sports",111,"SsangYong"
"1348",651,"Mustang",40,"Ford"
"1349",996,"MX3",77,"Mazda"
"1350",997,"MX5",77,"Mazda"
"1351",998,"MX6",77,"Mazda"
"1352",1045,"Mystique",80,"Mercury"
"1353",1593,"Nadia",121,"Toyota"
"1354",481,"Naked",27,"Daihatsu"
"1355",1160,"Navara",85,"Nissan"
"1356",923,"Navigator",68,"Lincoln"
"1357",383,"Neon",22,"Chrysler"
"1358",521,"Neon",31,"Dodge"
"1359",1277,"Neon",92,"Plymouth"
"1360",1347,"Nevada",96,"Renault"
"1361",1672,"NEW Beetle",124,"Volkswagen"
"1362",1897,"NEW HOLLAND",NA,NA
"1363",384,"New Yorker",22,"Chrysler"
"1364",450,"Nexia",26,"Daewoo"
"1365",781,"NF Sonata",52,"Hyundai"
"1366",1210,"Nineghty eight",86,"Oldsmobile"
"1367",85,"Nissan",NA,NA
"1368",522,"Nitro",31,"Dodge"
"1369",348,"Niva",21,"Chevrolet"
"1370",1594,"Noah",121,"Toyota"
"1371",1161,"Note",85,"Nissan"
"1372",349,"Nova",21,"Chevrolet"
"1373",430,"Nova",25,"Dacia"
"1374",1159,"NP300",85,"Nissan"
"1375",155,"NSX",3,"Acura"
"1376",730,"NSX",49,"Honda"
"1377",451,"Nubira",26,"Daewoo"
"1378",1426,"Octavia",108,"Skoda"
"1379",1427,"Octavia Scout",108,"Skoda"
"1380",1428,"Octavia Tour",108,"Skoda"
"1381",731,"Odyssey",49,"Honda"
"1382",86,"Oldsmobile",NA,NA
"1383",1232,"Olimpia",87,"Opel"
"1384",350,"Omega",21,"Chevrolet"
"1385",1211,"Omega",86,"Oldsmobile"
"1386",1233,"Omega",87,"Opel"
"1387",523,"Omni",31,"Dodge"
"1388",952,"Omni",74,"Maruti"
"1389",941,"One",71,"MINI"
"1390",1595,"Opa",121,"Toyota"
"1391",87,"Opel",NA,NA
"1392",864,"Opirus",61,"Kia"
"1393",482,"Opti",27,"Daihatsu"
"1394",865,"Optima",61,"Kia"
"1395",1596,"Origin",121,"Toyota"
"1396",532,"Orion",32,"Doninvest"
"1397",652,"Orion",40,"Ford"
"1398",732,"Orthia",49,"Honda"
"1399",679,"Otaka",42,"Geely"
"1400",1162,"Otti",85,"Nissan"
"1401",1460,"Outback",112,"Subaru"
"1402",1087,"Outlander",82,"Mitsubishi"
"1403",1088,"Outlander XL",82,"Mitsubishi"
"1404",1408,"Outlook",104,"Saturn"
"1405",386,"Pacifica",22,"Chrysler"
"1406",89,"Pagani",NA,NA
"1407",1089,"Pajero",82,"Mitsubishi"
"1408",1090,"Pajero IO",82,"Mitsubishi"
"1409",1091,"Pajero Junior",82,"Mitsubishi"
"1410",1092,"Pajero Mini",82,"Mitsubishi"
"1411",1093,"Pajero Pinin",82,"Mitsubishi"
"1412",1094,"Pajero Sport",82,"Mitsubishi"
"1413",596,"Palio",39,"Fiat"
"1414",2034,"Panamera",94,"Porsche"
"1415",597,"Panda",39,"Fiat"
"1416",90,"Panoz",NA,NA
"1417",498,"Pantera",29,"De Tomaso"
"1418",1673,"Parati",124,"Volkswagen"
"1419",274,"Park Avenue",16,"Buick"
"1420",1359,"Park Ward",98,"Rolls-Royce"
"1421",811,"Pars",55,"Iran Khodro"
"1422",733,"Partner",49,"Honda"
"1423",1272,"Partner",91,"Peugeot"
"1424",1597,"Paseo",121,"Toyota"
"1425",1674,"Passat",124,"Volkswagen"
"1426",1675,"Passat CC",124,"Volkswagen"
"1427",1598,"Passo",121,"Toyota"
"1428",734,"Passport",49,"Honda"
"1429",1163,"Pathfinder",85,"Nissan"
"1430",1164,"Pathfinder Aramada",85,"Nissan"
"1431",847,"Patriot",59,"Jeep"
"1432",1874,"Patriot / 3163",143,"”¿«"
"1433",1165,"Patrol",85,"Nissan"
"1434",690,"Pegasus",46,"Great Wall"
"1435",691,"Peri",46,"Great Wall"
"1436",1315,"Persona",95,"Proton"
"1437",91,"Peugeot",NA,NA
"1438",1676,"Phaeton",124,"Volkswagen"
"1439",1360,"Phantom",98,"Rolls-Royce"
"1440",892,"Phedra",63,"Lancia"
"1441",1293,"Phoenix",93,"Pontiac"
"1442",866,"Picanto",61,"Kia"
"1443",1000,"Pick-Up",77,"Mazda"
"1444",162,"Pickup",4,"Admiral"
"1445",1166,"Pickup",85,"Nissan"
"1446",1725,"Pickup X3",129,"Xin Kai"
"1447",1599,"Picnic",121,"Toyota"
"1448",735,"Pilot",49,"Honda"
"1449",1244,"Pinzgauer",88,"Steyr-Daimler-Puch"
"1450",483,"Pizar",27,"Daihatsu"
"1451",1600,"Platz",121,"Toyota"
"1452",1461,"Pleo",112,"Subaru"
"1453",1113,"Plus 4",84,"Morgan"
"1454",1114,"Plus 8",84,"Morgan"
"1455",504,"Plutus",30,"Derways"
"1456",756,"Plutus",50,"Huanghai"
"1457",92,"Plymouth",NA,NA
"1458",1677,"Pointer",124,"Volkswagen"
"1459",1678,"Polo",124,"Volkswagen"
"1460",452,"Polonez",26,"Daewoo"
"1461",542,"Polonez",36,"FSO"
"1462",93,"Pontiac",NA,NA
"1463",782,"Pony",52,"Hyundai"
"1464",94,"Porsche",NA,NA
"1465",1601,"Porte",121,"Toyota"
"1466",783,"Porter",52,"Hyundai"
"1467",867,"Potentia",61,"Kia"
"1468",1167,"Prairie",85,"Nissan"
"1469",1429,"Praktik",108,"Skoda"
"1470",1095,"Precis",82,"Mitsubishi"
"1471",868,"Pregio",61,"Kia"
"1472",736,"Prelude",49,"Honda"
"1473",1001,"Premacy",77,"Mazda"
"1474",1602,"Premio",121,"Toyota"
"1475",1348,"Premium",96,"Renault"
"1476",1168,"Presage",85,"Nissan"
"1477",1169,"Presea",85,"Nissan"
"1478",1170,"President",85,"Nissan"
"1479",1603,"Previa",121,"Toyota"
"1480",869,"Pride",61,"Kia"
"1481",1171,"Primastar",85,"Nissan"
"1482",1172,"Primera",85,"Nissan"
"1483",2142,"Primera 2.0",85,"Nissan"
"1484",453,"Prince",26,"Daewoo"
"1485",699,"Princip",47,"Hafei"
"1486",1765,"Priora",132,"¬¿«"
"1487",2276,"Priora",2240,"Lada"
"1488",893,"Prisma",63,"Lancia"
"1489",1604,"Prius",121,"Toyota"
"1490",351,"Prizm",21,"Chevrolet"
"1491",682,"Prizm",43,"Geo"
"1492",352,"Prizma",21,"Chevrolet"
"1493",653,"Probe",40,"Ford"
"1494",1605,"Probox",121,"Toyota"
"1495",1002,"Proceed",77,"Mazda"
"1496",1606,"Progres",121,"Toyota"
"1497",1607,"Pronard",121,"Toyota"
"1498",1003,"Protege",77,"Mazda"
"1499",95,"Proton",NA,NA
"1500",1096,"Proudia",82,"Mitsubishi"
"1501",387,"Prowler",22,"Chrysler"
"1502",1278,"Prowler",92,"Plymouth"
"1503",385,"PT Cruiser",22,"Chrysler"
"1504",1026,"Pullmann",79,"Mercedes-Benz"
"1505",1173,"Pulsar",85,"Nissan"
"1506",654,"Puma",40,"Ford"
"1507",598,"Punto",39,"Fiat"
"1508",1316,"Putra",95,"Proton"
"1509",2172,"Q3",10,"Audi"
"1510",807,"Q45",53,"Infiniti"
"1511",218,"Q5",10,"Audi"
"1512",219,"Q7",10,"Audi"
"1513",1174,"Qashqai",85,"Nissan"
"1514",304,"QQ",20,"Chery"
"1515",305,"QQ 6",20,"Chery"
"1516",1679,"Quantum",124,"Volkswagen"
"1517",963,"Quattroporte",75,"Maserati"
"1518",1175,"Quest",85,"Nissan"
"1519",808,"QX",53,"Infiniti"
"1520",1176,"R'nessa",85,"Nissan"
"1521",1027,"R-ÍÎ‡ÒÒ",79,"Mercedes-Benz"
"1522",1462,"R1",112,"Subaru"
"1523",1463,"R2",112,"Subaru"
"1524",220,"R8",10,"Audi"
"1525",454,"Racer",26,"Daewoo"
"1526",1608,"Ractis",121,"Toyota"
"1527",737,"Rafaga",49,"Honda"
"1528",1098,"Raider",82,"Mitsubishi"
"1529",275,"Rainer",16,"Buick"
"1530",524,"Ram",31,"Dodge"
"1531",902,"Range Rover",64,"Land Rover"
"1532",2300,"Range Rover Evoque",64,"Land Rover"
"1533",903,"Range Rover Sport",64,"Land Rover"
"1534",1920,"Range Rover Vogue",64,"Land Rover"
"1535",2174,"Range Rover Vogue",64,"Land Rover"
"1536",655,"Ranger",40,"Ford"
"1537",1349,"Rapid",96,"Renault"
"1538",1430,"Rapid",108,"Skoda"
"1539",2238,"Rapide",9,"Aston Martin"
"1540",1177,"Rasheen",85,"Nissan"
"1541",1609,"Raum",121,"Toyota"
"1542",1610,"Rav 4",121,"Toyota"
"1543",156,"RDX",3,"Acura"
"1544",276,"Regal",16,"Buick"
"1545",599,"Regata",39,"Fiat"
"1546",1611,"Regius",121,"Toyota"
"1547",1612,"Regius ACE",121,"Toyota"
"1548",1234,"Rekord",87,"Opel"
"1549",96,"Renault",NA,NA
"1550",277,"RendezVous",16,"Buick"
"1551",1487,"Reno",113,"Suzuki"
"1552",198,"Retona",8,"Asia"
"1553",870,"Retona",61,"Kia"
"1554",1447,"Rexton",111,"SsangYong"
"1555",353,"Rezzo",21,"Chevrolet"
"1556",455,"Rezzo",26,"Daewoo"
"1557",738,"Ridgeline",49,"Honda"
"1558",871,"Rio",61,"Kia"
"1559",600,"Ritmo",39,"Fiat"
"1560",278,"Riviera",16,"Buick"
"1561",157,"RL",3,"Acura"
"1562",279,"Roadmaster",16,"Buick"
"1563",1436,"Roadster",109,"Smart"
"1564",1724,"Roadster",128,"Wiesmann"
"1565",189,"Roadster S",6,"Alpina"
"1566",2273,"Robinson",NA,NA
"1567",484,"Rocky",27,"Daihatsu"
"1568",199,"Rocsta",8,"Asia"
"1569",825,"Rodeo",56,"Isuzu"
"1570",1448,"Rodius",111,"SsangYong"
"1571",97,"Roewe",NA,NA
"1572",1178,"Rogue",85,"Nissan"
"1573",98,"Rolls-Royce",NA,NA
"1574",1431,"Roomster",108,"Skoda"
"1575",99,"Rover",NA,NA
"1576",221,"RS4",10,"Audi"
"1577",222,"RS6",10,"Audi"
"1578",158,"RSX",3,"Acura"
"1579",1613,"Rush",121,"Toyota"
"1580",1097,"RVR",82,"Mitsubishi"
"1581",912,"RX",66,"Lexus"
"1582",1004,"RX-4",77,"Mazda"
"1583",1005,"RX-7",77,"Mazda"
"1584",1006,"RX-8",77,"Mazda"
"1585",2247,"S",2246,"Tesla"
"1586",784,"S Coupe",52,"Hyundai"
"1587",354,"S-10",21,"Chevrolet"
"1588",656,"S-MAX",40,"Ford"
"1589",739,"S-MX",49,"Honda"
"1590",832,"S-Type",58,"Jaguar"
"1591",1028,"S-ÍÎ‡ÒÒ",79,"Mercedes-Benz"
"1592",223,"S2",10,"Audi"
"1593",740,"S2000",49,"Honda"
"1594",224,"S3",10,"Audi"
"1595",225,"S4",10,"Audi"
"1596",1710,"S40",125,"Volvo"
"1597",226,"S5",10,"Audi"
"1598",227,"S6",10,"Audi"
"1599",1711,"S60",125,"Volvo"
"1600",1398,"S7",102,"Saleen"
"1601",1712,"S70",125,"Volvo"
"1602",228,"S8",10,"Audi"
"1603",1713,"S80",125,"Volvo"
"1604",1714,"S90",125,"Volvo"
"1605",101,"Saab",NA,NA
"1606",741,"Saber",49,"Honda"
"1607",1046,"Sable",80,"Mercury"
"1608",1179,"Safari",85,"Nissan"
"1609",671,"Safary",41,"GMC"
"1610",693,"Safe",46,"Great Wall"
"1611",1350,"Safrane",96,"Renault"
"1612",1518,"Sahin",120,"Tofas"
"1613",694,"Sailor",46,"Great Wall"
"1614",505,"Saladin",30,"Derways"
"1615",102,"Saleen",NA,NA
"1616",812,"Samand",55,"Iran Khodro"
"1617",2241,"Samara",2240,"Lada"
"1618",1465,"Sambar",112,"Subaru"
"1619",103,"Samsung",NA,NA
"1620",1489,"Samurai",113,"Suzuki"
"1621",2221,"Sandero",96,"Renault"
"1622",785,"Santa Fe",52,"Hyundai"
"1623",786,"Santa Fe Classic",52,"Hyundai"
"1624",787,"Santamo",52,"Hyundai"
"1625",1680,"Santana",124,"Volkswagen"
"1626",388,"Saratoga",22,"Chrysler"
"1627",1317,"Satria",95,"Proton"
"1628",104,"Saturn",NA,NA
"1629",356,"Savana",21,"Chevrolet"
"1630",672,"Savana",41,"GMC"
"1631",415,"Saxo",23,"Citroen"
"1632",913,"SC",66,"Lexus"
"1633",1409,"SC1",104,"Saturn"
"1634",1410,"SC2",104,"Saturn"
"1635",1351,"Scenic",96,"Renault"
"1636",1420,"SCEO",107,"Shuanghuan"
"1637",1614,"Scepter",121,"Toyota"
"1638",105,"Scion",NA,NA
"1639",1615,"Scion",121,"Toyota"
"1640",1681,"Scirocco",124,"Volkswagen"
"1641",657,"Scorpio",40,"Ford"
"1642",1007,"Scrum",77,"Mazda"
"1643",601,"Scudo",39,"Fiat"
"1644",100,"SEAT",NA,NA
"1645",389,"Sebring",22,"Chrysler"
"1646",602,"Sedici",39,"Fiat"
"1647",872,"Sedona",61,"Kia"
"1648",603,"Seicento",39,"Fiat"
"1649",1235,"Senator",87,"Opel"
"1650",1819,"Sens",138,"«¿«"
"1651",1008,"Sentia",77,"Mazda"
"1652",1180,"Sentra",85,"Nissan"
"1653",873,"Sephia",61,"Kia"
"1654",1616,"Sequoia",121,"Toyota"
"1655",1617,"Sera",121,"Toyota"
"1656",1519,"Serce",120,"Tofas"
"1657",1181,"Serena",85,"Nissan"
"1658",929,"Seven",69,"Lotus"
"1659",292,"Seville",17,"Cadillac"
"1660",525,"Shadow",31,"Dodge"
"1661",1682,"Sharan",124,"Volkswagen"
"1662",106,"Shenlong",NA,NA
"1663",683,"Shtorm",43,"Geo"
"1664",107,"Shuanghuan",NA,NA
"1665",874,"Shuma",61,"Kia"
"1666",423,"Shuttle",24,"DADI"
"1667",506,"Shuttle",30,"Derways"
"1668",742,"Shuttle",49,"Honda"
"1669",1490,"Sidekick",113,"Suzuki"
"1670",604,"Siena",39,"Fiat"
"1671",1618,"Sienna",121,"Toyota"
"1672",1619,"Sienta",121,"Toyota"
"1673",658,"Sierra",40,"Ford"
"1674",673,"Sierra",41,"GMC"
"1675",1099,"Sigma",82,"Mitsubishi"
"1676",1236,"Signum",87,"Opel"
"1677",1212,"Silhouette",86,"Oldsmobile"
"1678",357,"Silver",21,"Chevrolet"
"1679",1361,"Silver Seraph",98,"Rolls-Royce"
"1680",1362,"Silver Spur",98,"Rolls-Royce"
"1681",358,"Silverado",21,"Chevrolet"
"1682",1182,"Silvia",85,"Nissan"
"1683",700,"Simbo",47,"Hafei"
"1684",695,"Sing",46,"Great Wall"
"1685",1237,"Sintra",87,"Opel"
"1686",485,"Sirion",27,"Daihatsu"
"1687",2270,"Ski-Doo",NA,NA
"1688",1913,"Ski-Doo Scandic WT 550 F ",2271,"Bombardier"
"1689",108,"Skoda",NA,NA
"1690",1414,"Sky",104,"Saturn"
"1691",280,"Skylark",16,"Buick"
"1692",1183,"Skyline",85,"Nissan"
"1693",1411,"SL",104,"Saturn"
"1694",1029,"SL-ÍÎ‡ÒÒ",79,"Mercedes-Benz"
"1695",1412,"SL2",104,"Saturn"
"1696",1030,"SLK-ÍÎ‡ÒÒ",79,"Mercedes-Benz"
"1697",1031,"SLR-ÍÎ‡ÒÒ",79,"Mercedes-Benz"
"1698",159,"SLX",3,"Acura"
"1699",1935,"SM",52,"Hyundai"
"1700",1399,"SM3",103,"Samsung"
"1701",1400,"SM5",103,"Samsung"
"1702",1401,"SM7",103,"Samsung"
"1703",109,"Smart",NA,NA
"1704",424,"Smoothing",24,"DADI"
"1705",1620,"Soarer",121,"Toyota"
"1706",696,"Sokol",46,"Great Wall"
"1707",1621,"Solara",121,"Toyota"
"1708",2168,"Solaris",52,"Hyundai"
"1709",1491,"Solio",113,"Suzuki"
"1710",1294,"Solstice",93,"Pontiac"
"1711",788,"Sonata",52,"Hyundai"
"1712",1951,"Sonata",49,"Honda"
"1713",486,"Sonica",27,"Daihatsu"
"1714",875,"Sorento",61,"Kia"
"1715",2139,"Soul",61,"Kia"
"1716",833,"Sovereign",58,"Jaguar"
"1717",1100,"Space Gear",82,"Mitsubishi"
"1718",1101,"Space Runner",82,"Mitsubishi"
"1719",1102,"Space Star",82,"Mitsubishi"
"1720",1103,"Space Wagon",82,"Mitsubishi"
"1721",359,"Spark",21,"Chevrolet"
"1722",1622,"Sparky",121,"Toyota"
"1723",196,"Spartana",7,"Aro"
"1724",2048,"Special",16,"Buick"
"1725",876,"Spectra",61,"Kia"
"1726",1238,"Speedster",87,"Opel"
"1727",182,"Spider",5,"Alfa Romeo"
"1728",743,"Spike",49,"Honda"
"1729",526,"Spirit",31,"Dodge"
"1730",1492,"Splash",113,"Suzuki"
"1731",1352,"Sport Spyder",96,"Renault"
"1732",877,"Sportage",61,"Kia"
"1733",1032,"Sprinter",79,"Mercedes-Benz"
"1734",1623,"Sprinter",121,"Toyota"
"1735",1624,"Sprinter Marino",121,"Toyota"
"1736",964,"Spyder",75,"Maserati"
"1737",110,"Spyker",NA,NA
"1738",1726,"SR-V X3",129,"Xin Kai"
"1739",290,"SRX",17,"Cadillac"
"1740",111,"SsangYong",NA,NA
"1741",355,"SSR",21,"Chevrolet"
"1742",1184,"Stagea",85,"Nissan"
"1743",1185,"Stanza",85,"Nissan"
"1744",360,"Starcraft",21,"Chevrolet"
"1745",1625,"Starlet",121,"Toyota"
"1746",456,"Statesman",26,"Daewoo"
"1747",703,"Statesman",48,"Holden"
"1748",527,"Stealth",31,"Dodge"
"1749",789,"Stelar",52,"Hyundai"
"1750",1466,"Stella",112,"Subaru"
"1751",744,"Stepwgn",49,"Honda"
"1752",88,"Steyr-Daimler-Puch",NA,NA
"1753",605,"Stilo",39,"Fiat"
"1754",487,"Storia",27,"Daihatsu"
"1755",606,"Strada",39,"Fiat"
"1756",390,"Stratus",22,"Chrysler"
"1757",528,"Stratus",31,"Dodge"
"1758",745,"Strea M",49,"Honda"
"1759",1378,"Streetwise",99,"Rover"
"1760",291,"STS",17,"Cadillac"
"1761",112,"Subaru",NA,NA
"1762",361,"Suburban",21,"Chevrolet"
"1763",674,"Suburban",41,"GMC"
"1764",1626,"Succeed",121,"Toyota"
"1765",534,"Summit",34,"Eagle"
"1766",1295,"Sunbird",93,"Pontiac"
"1767",1279,"Sundance",92,"Plymouth"
"1768",1296,"Sunfire",93,"Pontiac"
"1769",1186,"Sunny",85,"Nissan"
"1770",457,"Super Salon",26,"Daewoo"
"1771",295,"Super Seven",18,"Caterham"
"1772",1432,"Superb",108,"Skoda"
"1773",1627,"Supra",121,"Toyota"
"1774",297,"SUV",19,"ChangFeng"
"1775",692,"SUV",46,"Great Wall"
"1776",904,"SUV",65,"Landwind"
"1777",1727,"SUV X3",129,"Xin Kai"
"1778",113,"Suzuki",NA,NA
"1779",1464,"SVX",112,"Subaru"
"1780",1413,"SW",104,"Saturn"
"1781",306,"Swift",20,"Chery"
"1782",1493,"Swift",113,"Suzuki"
"1783",1488,"SX4",113,"Suzuki"
"1784",2119,"SX4 Hatchback",113,"Suzuki"
"1785",1353,"Symbol",96,"Renault"
"1786",1503,"T350",114,"TVR"
"1787",1628,"Tacoma",121,"Toyota"
"1788",458,"Tacuma",26,"Daewoo"
"1789",1508,"Tagora",115,"Talbot"
"1790",362,"Tahoe",21,"Chevrolet"
"1791",115,"Talbot",NA,NA
"1792",535,"Talon",34,"Eagle"
"1793",1504,"Tamora",114,"TVR"
"1794",488,"Tanto",27,"Daihatsu"
"1795",1683,"Taro",124,"Volkswagen"
"1796",543,"Tarpan Honker",37,"FSR"
"1797",489,"Taruna",27,"Daihatsu"
"1798",116,"Tata",NA,NA
"1799",117,"Tatra",NA,NA
"1800",659,"Taunus",40,"Ford"
"1801",660,"Taurus",40,"Ford"
"1802",1050,"Taxi",81,"Metrocab"
"1803",1416,"tC",105,"Scion"
"1804",1187,"Teana",85,"Nissan"
"1805",661,"Tempo",40,"Ford"
"1806",607,"Tempra",39,"Fiat"
"1807",1520,"Tempra",120,"Tofas"
"1808",1629,"Tercel",121,"Toyota"
"1809",490,"Terios",27,"Daihatsu"
"1810",790,"Terracan",52,"Hyundai"
"1811",1188,"Terrano",85,"Nissan"
"1812",281,"Terraza",16,"Buick"
"1813",662,"Territory",40,"Ford"
"1814",2246,"Tesla",NA,NA
"1815",571,"Testarossa",38,"Ferrari"
"1816",934,"TF",70,"MG"
"1817",746,"That'S",49,"Honda"
"1818",894,"Thema",63,"Lancia"
"1819",895,"Thesis",63,"Lancia"
"1820",663,"Thunderbird",40,"Ford"
"1821",118,"Tianma",NA,NA
"1822",119,"Tianye",NA,NA
"1823",791,"Tiburon",52,"Hyundai"
"1824",459,"Tico",26,"Daewoo"
"1825",2194,"Tiger",2193,"“‡„¿«"
"1826",307,"Tiggo",20,"Chery"
"1827",1239,"Tigra",87,"Opel"
"1828",1684,"Tiguan",124,"Volkswagen"
"1829",1189,"Tiida",85,"Nissan"
"1830",1190,"Tiida latio",85,"Nissan"
"1831",1191,"Tino",85,"Nissan"
"1832",608,"Tipo",39,"Fiat"
"1833",1192,"Titan",85,"Nissan"
"1834",160,"TL",3,"Acura"
"1835",747,"Today",49,"Honda"
"1836",120,"Tofas",NA,NA
"1837",1389,"Toledo",100,"SEAT"
"1838",1047,"Topaz",80,"Mercury"
"1839",1104,"Toppo",82,"Mitsubishi"
"1840",748,"Torneo",49,"Honda"
"1841",1297,"Torrent",93,"Pontiac"
"1842",460,"Tosca",26,"Daewoo"
"1843",1685,"Touareg",124,"Volkswagen"
"1844",1686,"Touran",124,"Volkswagen"
"1845",2049,"Touran",124,"Volkswagen"
"1846",664,"Tourneo Connect",40,"Ford"
"1847",1630,"Town Ace",121,"Toyota"
"1848",1105,"Town Box",82,"Mitsubishi"
"1849",1106,"Town Box Wide",82,"Mitsubishi"
"1850",924,"Town Car",68,"Lincoln"
"1851",391,"Town&amp;Country",22,"Chrysler"
"1852",2156,"Toyoace",121,"Toyota"
"1853",121,"Toyota",NA,NA
"1854",122,"Trabant",NA,NA
"1855",1048,"Tracer",80,"Mercury"
"1856",363,"Tracker",21,"Chevrolet"
"1857",684,"Tracker",43,"Geo"
"1858",1354,"Trafic",96,"Renault"
"1859",364,"TrailBlazer",21,"Chevrolet"
"1860",792,"Trajet",52,"Hyundai"
"1861",1298,"Trans AM",93,"Pontiac"
"1862",1299,"Trans Sport",93,"Pontiac"
"1863",665,"Transit",40,"Ford"
"1864",1687,"Transporter",124,"Volkswagen"
"1865",365,"TransSport",21,"Chevrolet"
"1866",1467,"Traviq",112,"Subaru"
"1867",896,"Trevi",63,"Lancia"
"1868",491,"Trevis",27,"Daihatsu"
"1869",1468,"Tribeca",112,"Subaru"
"1870",1009,"Tribute",77,"Mazda"
"1871",1107,"Triton",82,"Mitsubishi"
"1872",826,"Trooper",56,"Isuzu"
"1873",161,"TSX",3,"Acura"
"1874",229,"TT",10,"Audi"
"1875",1893,"TT",10,"Audi"
"1876",793,"Tucson",52,"Hyundai"
"1877",1631,"Tundra",121,"Toyota"
"1878",260,"Turbo RT",13,"Bentley"
"1879",1505,"Tuscan",114,"TVR"
"1880",794,"Tuscani",52,"Hyundai"
"1881",114,"TVR",NA,NA
"1882",1494,"Twin",113,"Suzuki"
"1883",1355,"Twingo",96,"Renault"
"1884",675,"Typhoon",41,"GMC"
"1885",609,"Ulysse",39,"Fiat"
"1886",610,"Uno",39,"Fiat"
"1887",2206,"Uno 55",39,"Fiat"
"1888",366,"Uplander",21,"Chevrolet"
"1889",1033,"V-ÍÎ‡ÒÒ",79,"Mercedes-Benz"
"1890",203,"V12 Vanquish",9,"Aston Martin"
"1891",1715,"V40",125,"Volvo"
"1892",1716,"V50",125,"Volvo"
"1893",1717,"V70",125,"Volvo"
"1894",230,"V8",10,"Audi"
"1895",204,"V8 Vantage",9,"Aston Martin"
"1896",1718,"V90",125,"Volvo"
"1897",749,"Vamos",49,"Honda"
"1898",367,"Van",21,"Chevrolet"
"1899",676,"Vandura",41,"GMC"
"1900",1034,"Vaneo",79,"Mercedes-Benz"
"1901",1193,"Vanette",85,"Nissan"
"1902",1035,"Vario",79,"Mercedes-Benz"
"1903",368,"Vectra",21,"Chevrolet"
"1904",1240,"Vectra",87,"Opel"
"1905",827,"Vehi Cross",56,"Isuzu"
"1906",1356,"Vel Satis",96,"Renault"
"1907",2255,"Venga",61,"Kia"
"1908",1688,"Vento",124,"Volkswagen"
"1909",369,"Venture",21,"Chevrolet"
"1910",123,"Venturi",NA,NA
"1911",2291,"Venza",121,"Toyota"
"1912",795,"Veracruz",52,"Hyundai"
"1913",1010,"Verisa",77,"Mazda"
"1914",796,"Verna",52,"Hyundai"
"1915",1495,"Verona",113,"Suzuki"
"1916",1632,"Verossa",121,"Toyota"
"1917",1194,"Versa",85,"Nissan"
"1918",266,"Veyron 16.4",15,"Bugatti"
"1919",1036,"Viano",79,"Mercedes-Benz"
"1920",1300,"Vibe",93,"Pontiac"
"1921",750,"Vigor",49,"Honda"
"1922",1049,"Villager",80,"Mercury"
"1923",1633,"Vios",121,"Toyota"
"1924",392,"Viper",22,"Chrysler"
"1925",529,"Viper",31,"Dodge"
"1926",416,"Visa",23,"Citroen"
"1927",393,"Vision",22,"Chrysler"
"1928",536,"Vision",34,"Eagle"
"1929",680,"Vision",42,"Geely"
"1930",1634,"Vista",121,"Toyota"
"1931",878,"Visto",61,"Kia"
"1932",541,"Vita",35,"FAW"
"1933",1241,"Vita",87,"Opel"
"1934",1496,"Vitara",113,"Suzuki"
"1935",1037,"Vito",79,"Mercedes-Benz"
"1936",1635,"Vitz",121,"Toyota"
"1937",370,"Viva",21,"Chevrolet"
"1938",1242,"Vivaro",87,"Opel"
"1939",1469,"Vivio",112,"Subaru"
"1940",1806,"Volga Siber",134,"√¿«"
"1941",124,"Volkswagen",NA,NA
"1942",1636,"Voltz",121,"Toyota"
"1943",125,"Volvo",NA,NA
"1944",126,"Vortex",NA,NA
"1945",1637,"Voxy",121,"Toyota"
"1946",394,"Voyager",22,"Chrysler"
"1947",1280,"Voyager",92,"Plymouth"
"1948",1906,"VR (VRSCA)",1884,"Harley-Davidson"
"1949",1415,"VUE",104,"Saturn"
"1950",1038,"W123",79,"Mercedes-Benz"
"1951",1039,"W124",79,"Mercedes-Benz"
"1952",2204,"W140",79,"Mercedes-Benz"
"1953",1497,"Wagon R+",113,"Suzuki"
"1954",127,"Wartburg",NA,NA
"1955",1301,"Wave",93,"Pontiac"
"1956",128,"Wiesmann",NA,NA
"1957",1638,"Will Cypha",121,"Toyota"
"1958",1639,"Will VS",121,"Toyota"
"1959",2210,"Willys",NA,NA
"1960",308,"Windcloud",20,"Chery"
"1961",1640,"Windom",121,"Toyota"
"1962",666,"Windstar",40,"Ford"
"1963",461,"Windstorm",26,"Daewoo"
"1964",697,"Wingle",46,"Great Wall"
"1965",1195,"Wingroad",85,"Nissan"
"1966",1641,"Wish",121,"Toyota"
"1967",828,"Wizard",56,"Isuzu"
"1968",848,"Wrangler",59,"Jeep"
"1969",611,"X 1/9",39,"Fiat"
"1970",1498,"X-90",113,"Suzuki"
"1971",1196,"X-Trail",85,"Nissan"
"1972",879,"X-Trek",61,"Kia"
"1973",834,"X-Type",58,"Jaguar"
"1974",2073,"X1",11,"BMW"
"1975",240,"X3",11,"BMW"
"1976",2252,"X3 xdrive20d",11,"BMW"
"1977",241,"X5",11,"BMW"
"1978",242,"X6",11,"BMW"
"1979",905,"X6",65,"Landwind"
"1980",2290,"X60",67,"Lifan"
"1981",1417,"xA",105,"Scion"
"1982",418,"Xantia",23,"Citroen"
"1983",1418,"xB",105,"Scion"
"1984",1719,"XC60",125,"Volvo"
"1985",1720,"XC70",125,"Volvo"
"1986",1721,"XC90",125,"Volvo"
"1987",1419,"xD",105,"Scion"
"1988",1011,"Xedos 6",77,"Mazda"
"1989",1012,"Xedos 9",77,"Mazda"
"1990",492,"Xenia",27,"Daihatsu"
"1991",835,"XF",58,"Jaguar"
"1992",797,"XG",52,"Hyundai"
"1993",129,"Xin Kai",NA,NA
"1994",496,"XJ",28,"Daimler"
"1995",836,"XJ",58,"Jaguar"
"1996",837,"XJ220",58,"Jaguar"
"1997",838,"XJR",58,"Jaguar"
"1998",839,"XJS",58,"Jaguar"
"1999",840,"XK",58,"Jaguar"
"2000",1390,"XL",100,"SEAT"
"2001",1499,"XL-7",113,"Suzuki"
"2002",293,"XLR",17,"Cadillac"
"2003",417,"XM",23,"Citroen"
"2004",2272,"XPDI",2271,"Bombardier"
"2005",935,"XPower SV",70,"MG"
"2006",419,"Xsara",23,"Citroen"
"2007",420,"Xsara Picasso",23,"Citroen"
"2008",1197,"Xterra",85,"Nissan"
"2009",2287,"XV",112,"Subaru"
"2010",2020,"Yamaha",NA,NA
"2011",1642,"Yaris",121,"Toyota"
"2012",1643,"Yaris Verso",121,"Toyota"
"2013",2280,"Yeti",108,"Skoda"
"2014",2269,"YETI Pro V-800",1911,"LYNX"
"2015",897,"Ypsilon",63,"Lancia"
"2016",493,"YRV",27,"Daihatsu"
"2017",677,"Yukon",41,"GMC"
"2018",130,"Yzk",NA,NA
"2019",751,"Z",49,"Honda"
"2020",243,"Z1",11,"BMW"
"2021",244,"Z3",11,"BMW"
"2022",245,"Z4",11,"BMW"
"2023",246,"Z4 M",11,"BMW"
"2024",247,"Z8",11,"BMW"
"2025",371,"Zafira",21,"Chevrolet"
"2026",1243,"Zafira",87,"Opel"
"2027",494,"Zebra",27,"Daihatsu"
"2028",953,"Zen",74,"Maruti"
"2029",752,"Zest",49,"Honda"
"2030",898,"Zeta",63,"Lancia"
"2031",1245,"Zonda",89,"Pagani"
"2032",936,"ZR",70,"MG"
"2033",937,"ZS",70,"MG"
"2034",938,"ZT",70,"MG"
"2035",131,"ZX",NA,NA
"2036",421,"ZX",23,"Citroen"
"2037",1766,"¿‚ÚÓÍ‡Ï-2160",133,"¬ÂÎÚ‡"
"2038",1898,"¿Ã”–",NA,NA
"2039",132,"¬¿«",NA,NA
"2040",133,"¬ÂÎÚ‡",NA,NA
"2041",134,"√¿«",NA,NA
"2042",1907,"√‡ÁÂÎ¸",134,"√¿«"
"2043",135,"≈–¿«",NA,NA
"2044",138,"«¿«",NA,NA
"2045",139,"«»À",NA,NA
"2046",140,"»∆",NA,NA
"2047",137," ¿Ã¿«",NA,NA
"2048",1859," ÌˇÁ¸ ¬Î‡‰ËÏË",142,"ÃÓÒÍ‚Ë˜"
"2049",141,"À”¿«",NA,NA
"2050",2288,"Ã-21",134,"√¿«"
"2051",1894,"Ã¿«",NA,NA
"2052",142,"ÃÓÒÍ‚Ë˜",NA,NA
"2053",1896,"œ¿«",NA,NA
"2054",1860,"—‚ˇÚÓ„Ó",142,"ÃÓÒÍ‚Ë˜"
"2055",136,"—Â¿«",NA,NA
"2056",1820,"“‡‚Ëˇ",138,"«¿«"
"2057",2193,"“‡„¿«",NA,NA
"2058",143,"”¿«",NA,NA
"2059",1861,"ﬁËÈ ƒÓÎ„ÓÛÍËÈ",142,"ÃÓÒÍ‚Ë˜"
